id,t_deadline_us,t_pub_us,published
0,36921808437,36921810516,1
1,36921825103,36921825788,1
2,36921841770,36921843160,1
3,36921858437,36921859108,1
4,36921875103,36921876476,1
5,36921891770,36921893119,1
6,36921908437,36921910134,1
7,36921925103,36921926497,1
8,36921941770,36921943125,1
9,36921958437,36921959712,1
10,36921975103,36921976466,1
11,36921991770,36921993048,1
12,36922008437,36922009954,1
13,36922025103,36922026429,1
14,36922041770,36922043022,1
15,36922058437,36922059681,1
16,36922075103,36922076358,1
17,36922091770,36922093006,1
18,36922108437,36922109663,1
19,36922125103,36922126340,1
20,36922141770,36922143516,1
21,36922158437,36922160393,1
22,36922175103,36922176794,1
23,36922191770,36922193578,1
24,36922208437,36922210148,1
25,36922225103,36922226792,1
26,36922241770,36922243414,1
27,36922258437,36922260215,1
28,36922275103,36922276724,1
29,36922291770,36922293574,1
30,36922308437,36922310102,1
31,36922325103,36922326852,1
32,36922341770,36922343454,1
33,36922358437,36922359707,1
34,36922375103,36922376557,1
35,36922391770,36922393341,1
36,36922408437,36922409853,1
37,36922425103,36922426475,1
38,36922441770,36922443118,1
39,36922458437,36922459766,1
40,36922475103,36922476354,1
41,36922491770,36922493023,1
42,36922508437,36922510064,1
43,36922525103,36922526435,1
44,36922541770,36922543123,1
45,36922558437,36922559632,1
46,36922575103,36922576481,1
47,36922591770,36922593170,1
48,36922608437,36922609673,1
49,36922625103,36922626791,1
50,36922641770,36922643026,1
51,36922658437,36922659650,1
52,36922675103,36922676331,1
53,36922691770,36922693233,1
54,36922708437,36922709662,1
55,36922725103,36922726331,1
56,36922741770,36922743019,1
57,36922758437,36922759945,1
58,36922775103,36922776358,1
59,36922791770,36922793017,1
60,36922808437,36922809670,1
61,36922825103,36922826345,1
62,36922841770,36922842999,1
63,36922858437,36922859884,1
64,36922875103,36922876563,1
65,36922891770,36922893016,1
66,36922908437,36922909674,1
67,36922925103,36922926337,1
68,36922941770,36922943000,1
69,36922958437,36922959664,1
70,36922975103,36922976387,1
71,36922991770,36922993269,1
72,36923008437,36923009752,1
73,36923025103,36923026353,1
74,36923041770,36923043087,1
75,36923058437,36923059820,1
76,36923075103,36923076396,1
77,36923091770,36923093126,1
78,36923108437,36923110012,1
79,36923125103,36923126394,1
80,36923141770,36923143073,1
81,36923158437,36923159696,1
82,36923175103,36923176340,1
83,36923191770,36923193090,1
84,36923208437,36923209669,1
85,36923225103,36923226640,1
86,36923241770,36923243035,1
87,36923258437,36923259830,1
88,36923275103,36923276502,1
89,36923291770,36923293206,1
90,36923308437,36923309679,1
91,36923325103,36923326434,1
92,36923341770,36923343250,1
93,36923358437,36923359866,1
94,36923375103,36923376505,1
95,36923391770,36923393266,1
96,36923408437,36923409996,1
97,36923425103,36923426581,1
98,36923441770,36923443444,1
99,36923458437,36923460012,1
100,36923475103,36923476369,1
101,36923491770,36923493009,1
102,36923508437,36923509663,1
103,36923525103,36923526338,1
104,36923541770,36923543055,1
105,36923558437,36923559736,1
106,36923575103,36923576407,1
107,36923591770,36923593285,1
108,36923608437,36923609691,1
109,36923625103,36923626398,1
110,36923641770,36923643295,1
111,36923658437,36923659954,1
112,36923675103,36923676630,1
113,36923691770,36923693439,1
114,36923708437,36923710132,1
115,36923725103,36923726658,1
116,36923741770,36923743273,1
117,36923758437,36923760035,1
118,36923775103,36923776365,1
119,36923791770,36923793132,1
120,36923808437,36923809957,1
121,36923825103,36923826623,1
122,36923841770,36923843174,1
123,36923858437,36923859690,1
124,36923875103,36923876337,1
125,36923891770,36923893031,1
126,36923908437,36923909690,1
127,36923925103,36923926367,1
128,36923941770,36923943241,1
129,36923958437,36923959682,1
130,36923975103,36923976376,1
131,36923991770,36923993027,1
132,36924008437,36924009685,1
133,36924025103,36924026380,1
134,36924041770,36924043057,1
135,36924058437,36924061298,1
136,36924075103,36924076356,1
137,36924091770,36924093024,1
138,36924108437,36924109677,1
139,36924125103,36924126318,1
140,36924141770,36924143013,1
141,36924158437,36924159708,1
142,36924175103,36924176332,1
143,36924191770,36924193004,1
144,36924208437,36924209683,1
145,36924225103,36924226322,1
146,36924241770,36924243044,1
147,36924258437,36924259704,1
148,36924275103,36924276380,1
149,36924291770,36924293013,1
150,36924308437,36924309967,1
151,36924325103,36924326357,1
152,36924341770,36924343022,1
153,36924358437,36924359885,1
154,36924375103,36924376412,1
155,36924391770,36924392998,1
156,36924408437,36924409687,1
157,36924425103,36924426649,1
158,36924441770,36924442996,1
159,36924458437,36924459695,1
160,36924475103,36924476369,1
161,36924491770,36924493006,1
162,36924508437,36924509659,1
163,36924525103,36924526345,1
164,36924541770,36924543300,1
165,36924558437,36924559693,1
166,36924575103,36924576362,1
167,36924591770,36924592991,1
168,36924608437,36924609679,1
169,36924625103,36924626531,1
170,36924641770,36924643001,1
171,36924658437,36924659867,1
172,36924675103,36924676522,1
173,36924691770,36924693255,1
174,36924708437,36924709674,1
175,36924725103,36924726313,1
176,36924741770,36924743022,1
177,36924758437,36924759670,1
178,36924775103,36924776362,1
179,36924791770,36924793333,1
180,36924808437,36924809682,1
181,36924825103,36924826357,1
182,36924841770,36924843005,1
183,36924858437,36924859657,1
184,36924875103,36924876526,1
185,36924891770,36924893079,1
186,36924908437,36924909686,1
187,36924925103,36924926339,1
188,36924941770,36924943001,1
189,36924958437,36924959667,1
190,36924975103,36924976351,1
191,36924991770,36924993019,1
192,36925008437,36925009732,1
193,36925025103,36925026583,1
194,36925041770,36925043028,1
195,36925058437,36925059715,1
196,36925075103,36925076422,1
197,36925091770,36925093024,1
198,36925108437,36925109667,1
199,36925125103,36925126512,1
200,36925141770,36925143364,1
201,36925158437,36925159980,1
202,36925175103,36925176683,1
203,36925191770,36925193324,1
204,36925208437,36925209823,1
205,36925225103,36925226352,1
206,36925241770,36925243311,1
207,36925258437,36925259750,1
208,36925275103,36925276635,1
209,36925291770,36925293353,1
210,36925308437,36925309772,1
211,36925325103,36925326684,1
212,36925341770,36925343356,1
213,36925358437,36925359890,1
214,36925375103,36925376576,1
215,36925391770,36925393338,1
216,36925408437,36925409902,1
217,36925425103,36925426563,1
218,36925441770,36925443333,1
219,36925458437,36925459871,1
220,36925475103,36925476521,1
221,36925491770,36925493315,1
222,36925508437,36925509932,1
223,36925525103,36925526543,1
224,36925541770,36925543237,1
225,36925558437,36925559849,1
226,36925575103,36925576521,1
227,36925591770,36925593347,1
228,36925608437,36925609914,1
229,36925625103,36925626518,1
230,36925641770,36925643347,1
231,36925658437,36925659867,1
232,36925675103,36925676522,1
233,36925691770,36925693315,1
234,36925708437,36925709926,1
235,36925725103,36925726622,1
236,36925741770,36925743356,1
237,36925758437,36925760030,1
238,36925775103,36925776763,1
239,36925791770,36925793433,1
240,36925808437,36925810179,1
241,36925825103,36925826647,1
242,36925841770,36925843346,1
243,36925858437,36925859872,1
244,36925875103,36925876659,1
245,36925891770,36925893346,1
246,36925908437,36925909880,1
247,36925925103,36925926533,1
248,36925941770,36925943263,1
249,36925958437,36925959874,1
250,36925975103,36925976514,1
251,36925991770,36925993353,1
252,36926008437,36926009863,1
253,36926025103,36926026623,1
254,36926041770,36926043220,1
255,36926058437,36926059857,1
256,36926075103,36926076522,1
257,36926091770,36926093349,1
258,36926108437,36926110084,1
259,36926125103,36926126809,1
260,36926141770,36926143411,1
261,36926158437,36926160112,1
262,36926175103,36926176744,1
263,36926191770,36926193367,1
264,36926208437,36926210040,1
265,36926225103,36926226700,1
266,36926241770,36926243368,1
267,36926258437,36926260030,1
268,36926275103,36926276699,1
269,36926291770,36926293358,1
270,36926308437,36926310037,1
271,36926325103,36926326584,1
272,36926341770,36926343255,1
273,36926358437,36926359923,1
274,36926375103,36926376522,1
275,36926391770,36926393205,1
276,36926408437,36926409883,1
277,36926425103,36926426522,1
278,36926441770,36926443181,1
279,36926458437,36926459871,1
280,36926475103,36926476573,1
281,36926491770,36926493228,1
282,36926508437,36926509859,1
283,36926525103,36926526602,1
284,36926541770,36926543234,1
285,36926558437,36926559879,1
286,36926575103,36926576609,1
287,36926591770,36926593234,1
288,36926608437,36926609879,1
289,36926625103,36926626572,1
290,36926641770,36926643202,1
291,36926658437,36926659857,1
292,36926675103,36926676581,1
293,36926691770,36926693210,1
294,36926708437,36926709978,1
295,36926725103,36926726549,1
296,36926741770,36926743209,1
297,36926758437,36926759862,1
298,36926775103,36926776502,1
299,36926791770,36926793319,1
300,36926808437,36926809869,1
301,36926825103,36926826632,1
302,36926841770,36926843194,1
303,36926858437,36926859850,1
304,36926875103,36926876526,1
305,36926891770,36926893194,1
306,36926908437,36926909848,1
307,36926925103,36926926526,1
308,36926941770,36926943241,1
309,36926958437,36926959857,1
310,36926975103,36926976537,1
311,36926991770,36926993245,1
312,36927008437,36927009854,1
313,36927025103,36927026557,1
314,36927041770,36927043198,1
315,36927058437,36927059867,1
316,36927075103,36927076533,1
317,36927091770,36927093179,1
318,36927108437,36927109843,1
319,36927125103,36927126533,1
320,36927141770,36927143179,1
321,36927158437,36927159885,1
322,36927175103,36927176588,1
323,36927191770,36927193324,1
324,36927208437,36927209917,1
325,36927225103,36927226668,1
326,36927241770,36927243391,1
327,36927258437,36927259899,1
328,36927275103,36927276731,1
329,36927291770,36927293542,1
330,36927308437,36927309929,1
331,36927325103,36927326585,1
332,36927341770,36927343231,1
333,36927358437,36927359897,1
334,36927375103,36927376502,1
335,36927391770,36927393238,1
336,36927408437,36927409865,1
337,36927425103,36927426649,1
338,36927441770,36927443264,1
339,36927458437,36927459882,1
340,36927475103,36927476515,1
341,36927491770,36927493177,1
342,36927508437,36927509838,1
343,36927525103,36927526527,1
344,36927541770,36927543227,1
345,36927558437,36927559896,1
346,36927575103,36927576520,1
347,36927591770,36927593213,1
348,36927608437,36927609846,1
349,36927625103,36927626519,1
350,36927641770,36927643201,1
351,36927658437,36927660020,1
352,36927675103,36927676530,1
353,36927691770,36927693233,1
354,36927708437,36927709913,1
355,36927725103,36927726577,1
356,36927741770,36927743212,1
357,36927758437,36927759871,1
358,36927775103,36927776535,1
359,36927791770,36927793196,1
360,36927808437,36927809843,1
361,36927825103,36927826786,1
362,36927841770,36927843479,1
363,36927858437,36927860084,1
364,36927875103,36927876780,1
365,36927891770,36927893500,1
366,36927908437,36927910024,1
367,36927925103,36927926529,1
368,36927941770,36927943193,1
369,36927958437,36927959888,1
370,36927975103,36927976510,1
371,36927991770,36927993184,1
372,36928008437,36928010090,1
373,36928025103,36928026631,1
374,36928041770,36928043232,1
375,36928058437,36928059893,1
376,36928075103,36928076557,1
377,36928091770,36928093180,1
378,36928108437,36928110085,1
379,36928125103,36928126535,1
380,36928141770,36928143276,1
381,36928158437,36928159861,1
382,36928175103,36928176555,1
383,36928191770,36928193207,1
384,36928208437,36928209896,1
385,36928225103,36928226523,1
386,36928241770,36928243221,1
387,36928258437,36928259905,1
388,36928275103,36928276541,1
389,36928291770,36928293186,1
390,36928308437,36928309851,1
391,36928325103,36928326683,1
392,36928341770,36928343213,1
393,36928358437,36928359862,1
394,36928375103,36928376573,1
395,36928391770,36928393314,1
396,36928408437,36928409876,1
397,36928425103,36928426515,1
398,36928441770,36928443179,1
399,36928458437,36928460141,1
400,36928475103,36928476717,1
401,36928491770,36928493374,1
402,36928508437,36928510036,1
403,36928525103,36928526800,1
404,36928541770,36928543400,1
405,36928558437,36928560119,1
406,36928575103,36928576841,1
407,36928591770,36928593269,1
408,36928608437,36928609859,1
409,36928625103,36928626677,1
410,36928641770,36928643241,1
411,36928658437,36928659858,1
412,36928675103,36928676568,1
413,36928691770,36928693369,1
414,36928708437,36928709856,1
415,36928725103,36928726557,1
416,36928741770,36928743203,1
417,36928758437,36928760178,1
418,36928775103,36928776798,1
419,36928791770,36928793387,1
420,36928808437,36928809869,1
421,36928825103,36928826525,1
422,36928841770,36928843190,1
423,36928858437,36928859901,1
424,36928875103,36928876565,1
425,36928891770,36928893865,1
426,36928908437,36928910150,1
427,36928925103,36928926551,1
428,36928941770,36928943220,1
429,36928958437,36928959845,1
430,36928975103,36928976574,1
431,36928991770,36928993309,1
432,36929008437,36929009860,1
433,36929025103,36929026770,1
434,36929041770,36929043336,1
435,36929058437,36929059865,1
436,36929075103,36929076575,1
437,36929091770,36929093213,1
438,36929108437,36929109883,1
439,36929125103,36929126556,1
440,36929141770,36929143185,1
441,36929158437,36929159852,1
442,36929175103,36929176531,1
443,36929191770,36929193188,1
444,36929208437,36929209848,1
445,36929225103,36929226513,1
446,36929241770,36929243312,1
447,36929258437,36929259864,1
448,36929275103,36929276527,1
449,36929291770,36929293193,1
450,36929308437,36929309940,1
451,36929325103,36929326811,1
452,36929341770,36929343213,1
453,36929358437,36929360108,1
454,36929375103,36929376772,1
455,36929391770,36929393258,1
456,36929408437,36929409866,1
457,36929425103,36929426507,1
458,36929441770,36929443216,1
459,36929458437,36929459960,1
460,36929475103,36929476540,1
461,36929491770,36929493222,1
462,36929508437,36929509693,1
463,36929525103,36929526556,1
464,36929541770,36929543030,1
465,36929558437,36929559848,1
466,36929575103,36929576456,1
467,36929591770,36929593277,1
468,36929608437,36929609888,1
469,36929625103,36929626651,1
470,36929641770,36929643298,1
471,36929658437,36929659866,1
472,36929675103,36929676568,1
473,36929691770,36929693321,1
474,36929708437,36929709977,1
475,36929725103,36929726556,1
476,36929741770,36929743203,1
477,36929758437,36929759879,1
478,36929775103,36929776531,1
479,36929791770,36929793179,1
480,36929808437,36929809907,1
481,36929825103,36929826614,1
482,36929841770,36929843236,1
483,36929858437,36929859861,1
484,36929875103,36929876554,1
485,36929891770,36929893278,1
486,36929908437,36929909870,1
487,36929925103,36929926753,1
488,36929941770,36929943372,1
489,36929958437,36929960018,1
490,36929975103,36929976711,1
491,36929991770,36929993395,1
492,36930008437,36930009927,1
493,36930025103,36930026659,1
494,36930041770,36930043216,1
495,36930058437,36930060192,1
496,36930075103,36930076616,1
497,36930091770,36930093221,1
498,36930108437,36930109891,1
499,36930125103,36930126540,1
500,36930141770,36930143344,1
501,36930158437,36930159903,1
502,36930175103,36930176692,1
503,36930191770,36930193273,1
504,36930208437,36930209861,1
505,36930225103,36930226544,1
506,36930241770,36930243341,1
507,36930258437,36930259849,1
508,36930275103,36930276524,1
509,36930291770,36930293258,1
510,36930308437,36930309999,1
511,36930325103,36930326523,1
512,36930341770,36930343299,1
513,36930358437,36930359880,1
514,36930375103,36930376536,1
515,36930391770,36930393335,1
516,36930408437,36930409875,1
517,36930425103,36930426591,1
518,36930441770,36930443222,1
519,36930458437,36930459877,1
520,36930475103,36930476512,1
521,36930491770,36930493262,1
522,36930508437,36930509859,1
523,36930525103,36930526531,1
524,36930541770,36930543255,1
525,36930558437,36930559889,1
526,36930575103,36930576525,1
527,36930591770,36930593212,1
528,36930608437,36930609865,1
529,36930625103,36930626533,1
530,36930641770,36930643268,1
531,36930658437,36930659890,1
532,36930675103,36930676529,1
533,36930691770,36930693268,1
534,36930708437,36930709898,1
535,36930725103,36930726531,1
536,36930741770,36930743204,1
537,36930758437,36930759843,1
538,36930775103,36930776590,1
539,36930791770,36930793275,1
540,36930808437,36930809873,1
541,36930825103,36930826595,1
542,36930841770,36930843206,1
543,36930858437,36930859894,1
544,36930875103,36930876521,1
545,36930891770,36930893207,1
546,36930908437,36930909903,1
547,36930925103,36930926592,1
548,36930941770,36930943195,1
549,36930958437,36930959848,1
550,36930975103,36930976511,1
551,36930991770,36930993198,1
552,36931008437,36931009896,1
553,36931025103,36931026689,1
554,36931041770,36931043248,1
555,36931058437,36931059863,1
556,36931075103,36931076518,1
557,36931091770,36931093209,1
558,36931108437,36931109861,1
559,36931125103,36931126519,1
560,36931141770,36931143194,1
561,36931158437,36931159915,1
562,36931175103,36931176531,1
563,36931191770,36931193240,1
564,36931208437,36931209863,1
565,36931225103,36931226517,1
566,36931241770,36931243252,1
567,36931258437,36931259882,1
568,36931275103,36931276596,1
569,36931291770,36931293240,1
570,36931308437,36931309849,1
571,36931325103,36931326691,1
572,36931341770,36931343228,1
573,36931358437,36931359857,1
574,36931375103,36931376515,1
575,36931391770,36931393232,1
576,36931408437,36931410076,1
577,36931425103,36931426668,1
578,36931441770,36931443284,1
579,36931458437,36931460156,1
580,36931475103,36931476565,1
581,36931491770,36931493547,1
582,36931508437,36931510041,1
583,36931525103,36931526540,1
584,36931541770,36931543186,1
585,36931558437,36931559877,1
586,36931575103,36931576720,1
587,36931591770,36931593230,1
588,36931608437,36931609864,1
589,36931625103,36931626725,1
590,36931641770,36931643218,1
591,36931658437,36931659863,1
592,36931675103,36931676511,1
593,36931691770,36931693228,1
594,36931708437,36931709892,1
595,36931725103,36931726515,1
596,36931741770,36931743358,1
597,36931758437,36931759926,1
598,36931775103,36931776530,1
599,36931791770,36931793320,1
600,36931808437,36931809915,1
601,36931825103,36931826529,1
602,36931841770,36931843191,1
603,36931858437,36931859943,1
604,36931875103,36931876545,1
605,36931891770,36931893202,1
606,36931908437,36931909931,1
607,36931925103,36931926529,1
608,36931941770,36931943177,1
609,36931958437,36931959857,1
610,36931975103,36931976567,1
611,36931991770,36931993407,1
612,36932008437,36932010211,1
613,36932025103,36932026765,1
614,36932041770,36932043396,1
615,36932058437,36932060130,1
616,36932075103,36932076971,1
617,36932091770,36932093379,1
618,36932108437,36932109906,1
619,36932125103,36932126510,1
620,36932141770,36932143187,1
621,36932158437,36932159883,1
622,36932175103,36932176518,1
623,36932191770,36932193219,1
624,36932208437,36932209861,1
625,36932225103,36932226733,1
626,36932241770,36932243238,1
627,36932258437,36932259864,1
628,36932275103,36932276557,1
629,36932291770,36932293250,1
630,36932308437,36932309875,1
631,36932325103,36932326666,1
632,36932341770,36932343218,1
633,36932358437,36932359849,1
634,36932375103,36932376544,1
635,36932391770,36932393192,1
636,36932408437,36932409861,1
637,36932425103,36932426587,1
638,36932441770,36932443229,1
639,36932458437,36932459938,1
640,36932475103,36932476560,1
641,36932491770,36932493207,1
642,36932508437,36932509878,1
643,36932525103,36932526563,1
644,36932541770,36932543194,1
645,36932558437,36932559862,1
646,36932575103,36932576767,1
647,36932591770,36932593362,1
648,36932608437,36932609931,1
649,36932625103,36932626554,1
650,36932641770,36932643181,1
651,36932658437,36932659857,1
652,36932675103,36932676515,1
653,36932691770,36932693215,1
654,36932708437,36932710013,1
655,36932725103,36932726567,1
656,36932741770,36932743180,1
657,36932758437,36932759860,1
658,36932775103,36932776509,1
659,36932791770,36932793231,1
660,36932808437,36932809852,1
661,36932825103,36932826552,1
662,36932841770,36932843258,1
663,36932858437,36932859849,1
664,36932875103,36932876517,1
665,36932891770,36932893273,1
666,36932908437,36932909855,1
667,36932925103,36932926549,1
668,36932941770,36932943196,1
669,36932958437,36932959855,1
670,36932975103,36932976514,1
671,36932991770,36932993184,1
672,36933008437,36933009868,1
673,36933025103,36933026518,1
674,36933041770,36933043230,1
675,36933058437,36933059878,1
676,36933075103,36933076537,1
677,36933091770,36933093195,1
678,36933108437,36933109861,1
679,36933125103,36933126510,1
680,36933141770,36933143195,1
681,36933158437,36933159852,1
682,36933175103,36933176723,1
683,36933191770,36933193263,1
684,36933208437,36933209875,1
685,36933225103,36933226538,1
686,36933241770,36933243205,1
687,36933258437,36933259858,1
688,36933275103,36933276518,1
689,36933291770,36933293193,1
690,36933308437,36933310012,1
691,36933325103,36933326512,1
692,36933341770,36933343274,1
693,36933358437,36933359895,1
694,36933375103,36933376525,1
695,36933391770,36933393209,1
696,36933408437,36933409848,1
697,36933425103,36933426586,1
698,36933441770,36933443212,1
699,36933458437,36933459871,1
700,36933475103,36933476579,1
701,36933491770,36933493366,1
702,36933508437,36933509936,1
703,36933525103,36933526587,1
704,36933541770,36933543384,1
705,36933558437,36933559954,1
706,36933575103,36933576527,1
707,36933591770,36933593185,1
708,36933608437,36933609898,1
709,36933625103,36933626539,1
710,36933641770,36933643216,1
711,36933658437,36933660005,1
712,36933675103,36933676591,1
713,36933691770,36933693196,1
714,36933708437,36933709887,1
715,36933725103,36933726503,1
716,36933741770,36933743203,1
717,36933758437,36933759846,1
718,36933775103,36933776606,1
719,36933791770,36933793317,1
720,36933808437,36933810006,1
721,36933825103,36933826934,1
722,36933841770,36933843248,1
723,36933858437,36933859925,1
724,36933875103,36933876554,1
725,36933891770,36933893236,1
726,36933908437,36933909929,1
727,36933925103,36933926547,1
728,36933941770,36933943214,1
729,36933958437,36933959842,1
730,36933975103,36933976546,1
731,36933991770,36933993216,1
732,36934008437,36934009859,1
733,36934025103,36934026662,1
734,36934041770,36934043206,1
735,36934058437,36934059877,1
736,36934075103,36934076525,1
737,36934091770,36934093229,1
738,36934108437,36934110144,1
739,36934125103,36934126796,1
740,36934141770,36934143496,1
741,36934158437,36934159984,1
742,36934175103,36934176726,1
743,36934191770,36934193217,1
744,36934208437,36934209890,1
745,36934225103,36934226515,1
746,36934241770,36934243204,1
747,36934258437,36934259858,1
748,36934275103,36934276530,1
749,36934291770,36934293240,1
750,36934308437,36934309861,1
751,36934325103,36934326511,1
752,36934341770,36934343192,1
753,36934358437,36934359913,1
754,36934375103,36934376626,1
755,36934391770,36934393227,1
756,36934408437,36934409892,1
757,36934425103,36934426530,1
758,36934441770,36934443195,1
759,36934458437,36934459855,1
760,36934475103,36934476522,1
761,36934491770,36934493179,1
762,36934508437,36934509928,1
763,36934525103,36934526528,1
764,36934541770,36934543183,1
765,36934558437,36934559856,1
766,36934575103,36934576540,1
767,36934591770,36934593170,1
768,36934608437,36934609848,1
769,36934625103,36934626645,1
770,36934641770,36934643264,1
771,36934658437,36934659911,1
772,36934675103,36934676541,1
773,36934691770,36934693334,1
774,36934708437,36934709912,1
775,36934725103,36934726506,1
776,36934741770,36934743282,1
777,36934758437,36934759896,1
778,36934775103,36934776500,1
779,36934791770,36934793215,1
780,36934808437,36934809848,1
781,36934825103,36934826518,1
782,36934841770,36934843195,1
783,36934858437,36934860097,1
784,36934875103,36934876575,1
785,36934891770,36934893242,1
786,36934908437,36934909865,1
787,36934925103,36934926517,1
788,36934941770,36934943315,1
789,36934958437,36934959847,1
790,36934975103,36934976517,1
791,36934991770,36934993228,1
792,36935008437,36935009980,1
793,36935025103,36935026521,1
794,36935041770,36935043212,1
795,36935058437,36935059845,1
796,36935075103,36935076533,1
797,36935091770,36935093179,1
798,36935108437,36935109937,1
799,36935125103,36935126543,1
800,36935141770,36935143201,1
801,36935158437,36935160354,1
802,36935175103,36935176516,1
803,36935191770,36935193174,1
804,36935208437,36935210252,1
805,36935225103,36935226503,1
806,36935241770,36935243196,1
807,36935258437,36935260004,1
808,36935275103,36935276558,1
809,36935291770,36935293195,1
810,36935308437,36935310299,1
811,36935325103,36935326514,1
812,36935341770,36935343225,1
813,36935358437,36935359807,1
814,36935375103,36935376525,1
815,36935391770,36935393217,1
816,36935408437,36935410336,1
817,36935425103,36935426516,1
818,36935441770,36935443202,1
819,36935458437,36935460623,1
820,36935475103,36935476467,1
821,36935491770,36935493219,1
822,36935508437,36935509869,1
823,36935525103,36935526598,1
824,36935541770,36935543192,1
825,36935558437,36935561046,1
826,36935575103,36935576675,1
827,36935591770,36935593737,1
828,36935608437,36935610582,1
829,36935625103,36935626736,1
830,36935641770,36935643328,1
831,36935658437,36935660518,1
832,36935675103,36935676535,1
833,36935691770,36935693214,1
834,36935708437,36935709993,1
835,36935725103,36935726565,1
836,36935741770,36935743199,1
837,36935758437,36935760670,1
838,36935775103,36935776558,1
839,36935791770,36935793229,1
840,36935808437,36935810684,1
841,36935825103,36935826463,1
842,36935841770,36935843213,1
843,36935858437,36935860384,1
844,36935875103,36935876522,1
845,36935891770,36935893192,1
846,36935908437,36935910311,1
847,36935925103,36935926516,1
848,36935941770,36935943702,1
849,36935958437,36935959862,1
850,36935975103,36935976520,1
851,36935991770,36935993176,1
852,36936008437,36936009962,1
853,36936025103,36936026612,1
854,36936041770,36936043319,1
855,36936058437,36936059952,1
856,36936075103,36936077124,1
857,36936091770,36936093245,1
858,36936108437,36936109881,1
859,36936125103,36936127614,1
860,36936141770,36936143246,1
861,36936158437,36936159847,1
862,36936175103,36936176607,1
863,36936191770,36936193233,1
864,36936208437,36936210151,1
865,36936225103,36936226724,1
866,36936241770,36936243382,1
867,36936258437,36936260066,1
868,36936275103,36936276476,1
869,36936291770,36936293225,1
870,36936308437,36936310638,1
871,36936325103,36936326561,1
872,36936341770,36936343186,1
873,36936358437,36936359855,1
874,36936375103,36936376505,1
875,36936391770,36936393206,1
876,36936408437,36936409859,1
877,36936425103,36936426506,1
878,36936441770,36936443215,1
879,36936458437,36936459850,1
880,36936475103,36936476502,1
881,36936491770,36936493188,1
882,36936508437,36936509851,1
883,36936525103,36936526624,1
884,36936541770,36936543406,1
885,36936558437,36936559844,1
886,36936575103,36936576555,1
887,36936591770,36936593193,1
888,36936608437,36936609848,1
889,36936625103,36936626509,1
890,36936641770,36936643337,1
891,36936658437,36936659971,1
892,36936675103,36936676574,1
893,36936691770,36936693219,1
894,36936708437,36936709899,1
895,36936725103,36936726521,1
896,36936741770,36936743202,1
897,36936758437,36936759843,1
898,36936775103,36936776602,1
899,36936791770,36936793354,1
900,36936808437,36936809886,1
901,36936825103,36936826528,1
902,36936841770,36936843182,1
903,36936858437,36936859854,1
904,36936875103,36936876549,1
905,36936891770,36936893283,1
906,36936908437,36936909934,1
907,36936925103,36936926523,1
908,36936941770,36936943231,1
909,36936958437,36936959881,1
910,36936975103,36936976502,1
911,36936991770,36936993185,1
912,36937008437,36937009889,1
913,36937025103,36937026565,1
914,36937041770,36937043225,1
915,36937058437,36937059860,1
916,36937075103,36937076525,1
917,36937091770,36937093226,1
918,36937108437,36937109842,1
919,36937125103,36937126510,1
920,36937141770,36937143186,1
921,36937158437,36937159852,1
922,36937175103,36937176525,1
923,36937191770,36937193251,1
924,36937208437,36937209858,1
925,36937225103,36937226505,1
926,36937241770,36937243211,1
927,36937258437,36937260069,1
928,36937275103,36937276488,1
929,36937291770,36937293234,1
930,36937308437,36937309856,1
931,36937325103,36937326517,1
932,36937341770,36937343176,1
933,36937358437,36937359850,1
934,36937375103,36937376718,1
935,36937391770,36937393257,1
936,36937408437,36937409878,1
937,36937425103,36937426619,1
938,36937441770,36937443218,1
939,36937458437,36937459871,1
940,36937475103,36937476585,1
941,36937491770,36937493186,1
942,36937508437,36937509979,1
943,36937525103,36937526542,1
944,36937541770,36937543183,1
945,36937558437,36937559847,1
946,36937575103,36937576638,1
947,36937591770,36937593269,1
948,36937608437,36937609866,1
949,36937625103,36937626562,1
950,36937641770,36937643326,1
951,36937658437,36937659997,1
952,36937675103,36937676717,1
953,36937691770,36937693332,1
954,36937708437,36937710060,1
955,36937725103,36937726654,1
956,36937741770,36937743290,1
957,36937758437,36937759880,1
958,36937775103,36937776547,1
959,36937791770,36937793270,1
960,36937808437,36937809948,1
961,36937825103,36937826532,1
962,36937841770,36937843202,1
963,36937858437,36937859839,1
964,36937875103,36937876525,1
965,36937891770,36937893181,1
966,36937908437,36937909854,1
967,36937925103,36937926613,1
968,36937941770,36937943228,1
969,36937958437,36937959907,1
970,36937975103,36937976565,1
971,36937991770,36937993266,1
972,36938008437,36938009873,1
973,36938025103,36938026513,1
974,36938041770,36938043205,1
975,36938058437,36938059844,1
976,36938075103,36938076557,1
977,36938091770,36938093165,1
978,36938108437,36938109926,1
979,36938125103,36938126533,1
980,36938141770,36938143192,1
981,36938158437,36938159852,1
982,36938175103,36938176523,1
983,36938191770,36938193193,1
984,36938208437,36938209910,1
985,36938225103,36938226597,1
986,36938241770,36938243241,1
987,36938258437,36938259958,1
988,36938275103,36938276630,1
989,36938291770,36938293529,1
990,36938308437,36938310096,1
991,36938325103,36938326761,1
992,36938341770,36938343329,1
993,36938358437,36938360012,1
994,36938375103,36938376574,1
995,36938391770,36938393214,1
996,36938408437,36938409855,1
997,36938425103,36938426543,1
998,36938441770,36938443183,1
999,36938458437,36938460022,1
1000,36938475103,36938476537,1
1001,36938491770,36938493186,1
1002,36938508437,36938509854,1
1003,36938525103,36938526508,1
1004,36938541770,36938543192,1
1005,36938558437,36938559837,1
1006,36938575103,36938576509,1
1007,36938591770,36938593183,1
1008,36938608437,36938609840,1
1009,36938625103,36938626510,1
1010,36938641770,36938643170,1
1011,36938658437,36938659984,1
1012,36938675103,36938676525,1
1013,36938691770,36938693196,1
1014,36938708437,36938709971,1
1015,36938725103,36938726549,1
1016,36938741770,36938743191,1
1017,36938758437,36938759851,1
1018,36938775103,36938776508,1
1019,36938791770,36938793175,1
1020,36938808437,36938809849,1
1021,36938825103,36938826711,1
1022,36938841770,36938843189,1
1023,36938858437,36938859848,1
1024,36938875103,36938876547,1
1025,36938891770,36938893187,1
1026,36938908437,36938909836,1
1027,36938925103,36938926551,1
1028,36938941770,36938943204,1
1029,36938958437,36938959880,1
1030,36938975103,36938976534,1
1031,36938991770,36938993188,1
1032,36939008437,36939009855,1
1033,36939025103,36939026533,1
1034,36939041770,36939043195,1
1035,36939058437,36939059993,1
1036,36939075103,36939076624,1
1037,36939091770,36939093377,1
1038,36939108437,36939109865,1
1039,36939125103,36939126507,1
1040,36939141770,36939143169,1
1041,36939158437,36939159857,1
1042,36939175103,36939176535,1
1043,36939191770,36939193294,1
1044,36939208437,36939209829,1
1045,36939225103,36939226528,1
1046,36939241770,36939243203,1
1047,36939258437,36939259850,1
1048,36939275103,36939276522,1
1049,36939291770,36939293162,1
1050,36939308437,36939309842,1
1051,36939325103,36939326504,1
1052,36939341770,36939343220,1
1053,36939358437,36939359873,1
1054,36939375103,36939376557,1
1055,36939391770,36939393183,1
1056,36939408437,36939410024,1
1057,36939425103,36939426599,1
1058,36939441770,36939443217,1
1059,36939458437,36939459860,1
1060,36939475103,36939476531,1
1061,36939491770,36939493177,1
1062,36939508437,36939509891,1
1063,36939525103,36939526534,1
1064,36939541770,36939543293,1
1065,36939558437,36939559894,1
1066,36939575103,36939576523,1
1067,36939591770,36939593193,1
1068,36939608437,36939609834,1
1069,36939625103,36939626734,1
1070,36939641770,36939643182,1
1071,36939658437,36939660011,1
1072,36939675103,36939676557,1
1073,36939691770,36939693187,1
1074,36939708437,36939709869,1
1075,36939725103,36939726574,1
1076,36939741770,36939743251,1
1077,36939758437,36939760018,1
1078,36939775103,36939776797,1
1079,36939791770,36939793387,1
1080,36939808437,36939810119,1
1081,36939825103,36939826563,1
1082,36939841770,36939843199,1
1083,36939858437,36939859840,1
1084,36939875103,36939876515,1
1085,36939891770,36939893262,1
1086,36939908437,36939910008,1
1087,36939925103,36939926559,1
1088,36939941770,36939943183,1
1089,36939958437,36939959859,1
1090,36939975103,36939976519,1
1091,36939991770,36939993173,1
1092,36940008437,36940009899,1
1093,36940025103,36940026530,1
1094,36940041770,36940043288,1
1095,36940058437,36940059848,1
1096,36940075103,36940076545,1
1097,36940091770,36940093198,1
1098,36940108437,36940109885,1
1099,36940125103,36940126521,1
1100,36940141770,36940143271,1
1101,36940158437,36940159971,1
1102,36940175103,36940176534,1
1103,36940191770,36940193269,1
1104,36940208437,36940209883,1
1105,36940225103,36940226537,1
1106,36940241770,36940243247,1
1107,36940258437,36940260110,1
1108,36940275103,36940276538,1
1109,36940291770,36940293269,1
1110,36940308437,36940309874,1
1111,36940325103,36940326511,1
1112,36940341770,36940343305,1
1113,36940358437,36940360132,1
1114,36940375103,36940376667,1
1115,36940391770,36940393516,1
1116,36940408437,36940409988,1
1117,36940425103,36940426757,1
1118,36940441770,36940443566,1
1119,36940458437,36940460004,1
1120,36940475103,36940476541,1
1121,36940491770,36940493246,1
1122,36940508437,36940510039,1
1123,36940525103,36940526616,1
1124,36940541770,36940543291,1
1125,36940558437,36940559971,1
1126,36940575103,36940576539,1
1127,36940591770,36940593235,1
1128,36940608437,36940609932,1
1129,36940625103,36940626617,1
1130,36940641770,36940643338,1
1131,36940658437,36940659907,1
1132,36940675103,36940676513,1
1133,36940691770,36940693267,1
1134,36940708437,36940709878,1
1135,36940725103,36940726497,1
1136,36940741770,36940743240,1
1137,36940758437,36940759897,1
1138,36940775103,36940776627,1
1139,36940791770,36940793302,1
1140,36940808437,36940809896,1
1141,36940825103,36940826528,1
1142,36940841770,36940843179,1
1143,36940858437,36940859946,1
1144,36940875103,36940876576,1
1145,36940891770,36940893186,1
1146,36940908437,36940909860,1
1147,36940925103,36940926512,1
1148,36940941770,36940943488,1
1149,36940958437,36940959848,1
1150,36940975103,36940976574,1
1151,36940991770,36940993251,1
1152,36941008437,36941009861,1
1153,36941025103,36941026516,1
1154,36941041770,36941043180,1
1155,36941058437,36941059840,1
1156,36941075103,36941076511,1
1157,36941091770,36941093180,1
1158,36941108437,36941109903,1
1159,36941125103,36941126595,1
1160,36941141770,36941143195,1
1161,36941158437,36941159844,1
1162,36941175103,36941176522,1
1163,36941191770,36941193231,1
1164,36941208437,36941209870,1
1165,36941225103,36941226614,1
1166,36941241770,36941243249,1
1167,36941258437,36941259907,1
1168,36941275103,36941276529,1
1169,36941291770,36941293185,1
1170,36941308437,36941309930,1
1171,36941325103,36941326525,1
1172,36941341770,36941343275,1
1173,36941358437,36941359938,1
1174,36941375103,36941376562,1
1175,36941391770,36941393206,1
1176,36941408437,36941409868,1
1177,36941425103,36941426525,1
1178,36941441770,36941443174,1
1179,36941458437,36941459862,1
1180,36941475103,36941476529,1
1181,36941491770,36941493187,1
1182,36941508437,36941509833,1
1183,36941525103,36941526514,1
1184,36941541770,36941543211,1
1185,36941558437,36941559892,1
1186,36941575103,36941576601,1
1187,36941591770,36941593326,1
1188,36941608437,36941609884,1
1189,36941625103,36941626527,1
1190,36941641770,36941643173,1
1191,36941658437,36941660021,1
1192,36941675103,36941676521,1
1193,36941691770,36941693179,1
1194,36941708437,36941709994,1
1195,36941725103,36941726528,1
1196,36941741770,36941743252,1
1197,36941758437,36941759849,1
1198,36941775103,36941776525,1
1199,36941791770,36941793165,1
1200,36941808437,36941809862,1
1201,36941825103,36941826696,1
1202,36941841770,36941843323,1
1203,36941858437,36941860004,1
1204,36941875103,36941876724,1
1205,36941891770,36941893465,1
1206,36941908437,36941909883,1
1207,36941925103,36941926574,1
1208,36941941770,36941943320,1
1209,36941958437,36941959888,1
1210,36941975103,36941976531,1
1211,36941991770,36941993209,1
1212,36942008437,36942010053,1
1213,36942025103,36942026605,1
1214,36942041770,36942043210,1
1215,36942058437,36942060035,1
1216,36942075103,36942076610,1
1217,36942091770,36942093187,1
1218,36942108437,36942109851,1
1219,36942125103,36942126530,1
1220,36942141770,36942143165,1
1221,36942158437,36942159844,1
1222,36942175103,36942176511,1
1223,36942191770,36942193188,1
1224,36942208437,36942209884,1
1225,36942225103,36942226519,1
1226,36942241770,36942243215,1
1227,36942258437,36942259893,1
1228,36942275103,36942276527,1
1229,36942291770,36942293195,1
1230,36942308437,36942309952,1
1231,36942325103,36942326525,1
1232,36942341770,36942343240,1
1233,36942358437,36942361170,1
1234,36942375103,36942376371,1
1235,36942391770,36942393025,1
1236,36942408437,36942409838,1
1237,36942425103,36942427841,1
1238,36942441770,36942443056,1
1239,36942458437,36942459928,1
1240,36942475103,36942476701,1
1241,36942491770,36942493419,1
1242,36942508437,36942510095,1
1243,36942525103,36942526813,1
1244,36942541770,36942543261,1
1245,36942558437,36942560003,1
1246,36942575103,36942576620,1
1247,36942591770,36942593178,1
1248,36942608437,36942609847,1
1249,36942625103,36942626520,1
1250,36942641770,36942643182,1
1251,36942658437,36942660034,1
1252,36942675103,36942676584,1
1253,36942691770,36942693189,1
1254,36942708437,36942709893,1
1255,36942725103,36942726543,1
1256,36942741770,36942743172,1
1257,36942758437,36942759868,1
1258,36942775103,36942776579,1
1259,36942791770,36942793240,1
1260,36942808437,36942809912,1
1261,36942825103,36942826612,1
1262,36942841770,36942843192,1
1263,36942858437,36942859851,1
1264,36942875103,36942876504,1
1265,36942891770,36942893309,1
1266,36942908437,36942909853,1
1267,36942925103,36942926529,1
1268,36942941770,36942943193,1
1269,36942958437,36942959841,1
1270,36942975103,36942976525,1
1271,36942991770,36942993195,1
1272,36943008437,36943009985,1
1273,36943025103,36943026609,1
1274,36943041770,36943043263,1
1275,36943058437,36943059930,1
1276,36943075103,36943076614,1
1277,36943091770,36943093284,1
1278,36943108437,36943109933,1
1279,36943125103,36943126530,1
1280,36943141770,36943143332,1
1281,36943158437,36943160032,1
1282,36943175103,36943176760,1
1283,36943191770,36943193336,1
1284,36943208437,36943209880,1
1285,36943225103,36943226522,1
1286,36943241770,36943243178,1
1287,36943258437,36943269029,1
1288,36943275103,36943276989,1
1289,36943291770,36943293472,1
1290,36943308437,36943309964,1
1291,36943325103,36943326356,1
1292,36943341770,36943343231,1
1293,36943358437,36943359824,1
1294,36943375103,36943376552,1
1295,36943391770,36943393271,1
1296,36943408437,36943409904,1
1297,36943425103,36943426523,1
1298,36943441770,36943443241,1
1299,36943458437,36943459845,1
1300,36943475103,36943476502,1
1301,36943491770,36943493174,1
1302,36943508437,36943509895,1
1303,36943525103,36943526530,1
1304,36943541770,36943543192,1
1305,36943558437,36943559848,1
1306,36943575103,36943576515,1
1307,36943591770,36943593179,1
1308,36943608437,36943609873,1
1309,36943625103,36943626742,1
1310,36943641770,36943643215,1
1311,36943658437,36943659853,1
1312,36943675103,36943676523,1
1313,36943691770,36943693235,1
1314,36943708437,36943709932,1
1315,36943725103,36943726547,1
1316,36943741770,36943743211,1
1317,36943758437,36943759851,1
1318,36943775103,36943776553,1
1319,36943791770,36943793246,1
1320,36943808437,36943809874,1
1321,36943825103,36943826500,1
1322,36943841770,36943843170,1
1323,36943858437,36943860005,1
1324,36943875103,36943876635,1
1325,36943891770,36943893396,1
1326,36943908437,36943910125,1
1327,36943925103,36943926763,1
1328,36943941770,36943943459,1
1329,36943958437,36943959974,1
1330,36943975103,36943976716,1
1331,36943991770,36943993264,1
1332,36944008437,36944009862,1
1333,36944025103,36944026537,1
1334,36944041770,36944043185,1
1335,36944058437,36944059865,1
1336,36944075103,36944076509,1
1337,36944091770,36944093183,1
1338,36944108437,36944109893,1
1339,36944125103,36944126536,1
1340,36944141770,36944143177,1
1341,36944158437,36944159834,1
1342,36944175103,36944176628,1
1343,36944191770,36944193335,1
1344,36944208437,36944209870,1
1345,36944225103,36944226568,1
1346,36944241770,36944243170,1
1347,36944258437,36944259844,1
1348,36944275103,36944276567,1
1349,36944291770,36944293176,1
1350,36944308437,36944309845,1
1351,36944325103,36944326523,1
1352,36944341770,36944343182,1
1353,36944358437,36944359859,1
1354,36944375103,36944376572,1
1355,36944391770,36944393185,1
1356,36944408437,36944409855,1
1357,36944425103,36944426545,1
1358,36944441770,36944443185,1
1359,36944458437,36944460060,1
1360,36944475103,36944476546,1
1361,36944491770,36944493204,1
1362,36944508437,36944509845,1
1363,36944525103,36944526532,1
1364,36944541770,36944543200,1
1365,36944558437,36944559944,1
1366,36944575103,36944576791,1
1367,36944591770,36944593364,1
1368,36944608437,36944610026,1
1369,36944625103,36944626779,1
1370,36944641770,36944643399,1
1371,36944658437,36944659861,1
1372,36944675103,36944676513,1
1373,36944691770,36944693180,1
1374,36944708437,36944709949,1
1375,36944725103,36944726541,1
1376,36944741770,36944743189,1
1377,36944758437,36944759837,1
1378,36944775103,36944776548,1
1379,36944791770,36944793178,1
1380,36944808437,36944809848,1
1381,36944825103,36944826603,1
1382,36944841770,36944843190,1
1383,36944858437,36944859854,1
1384,36944875103,36944876536,1
1385,36944891770,36944893176,1
1386,36944908437,36944909899,1
1387,36944925103,36944926536,1
1388,36944941770,36944943208,1
1389,36944958437,36944959891,1
1390,36944975103,36944976515,1
1391,36944991770,36944993187,1
1392,36945008437,36945009898,1
1393,36945025103,36945026499,1
1394,36945041770,36945043194,1
1395,36945058437,36945059857,1
1396,36945075103,36945076510,1
1397,36945091770,36945093181,1
1398,36945108437,36945109849,1
1399,36945125103,36945126532,1
1400,36945141770,36945143202,1
1401,36945158437,36945159916,1
1402,36945175103,36945176554,1
1403,36945191770,36945193244,1
1404,36945208437,36945209863,1
1405,36945225103,36945226539,1
1406,36945241770,36945243258,1
1407,36945258437,36945259854,1
1408,36945275103,36945276544,1
1409,36945291770,36945293234,1
1410,36945308437,36945309901,1
1411,36945325103,36945326531,1
1412,36945341770,36945343317,1
1413,36945358437,36945359807,1
1414,36945375103,36945376422,1
1415,36945391770,36945393304,1
1416,36945408437,36945409728,1
1417,36945425103,36945426378,1
1418,36945441770,36945443308,1
1419,36945458437,36945459698,1
1420,36945475103,36945476366,1
1421,36945491770,36945493335,1
1422,36945508437,36945509681,1
1423,36945525103,36945526382,1
1424,36945541770,36945543272,1
1425,36945558437,36945559925,1
1426,36945575103,36945576378,1
1427,36945591770,36945593229,1
1428,36945608437,36945609696,1
1429,36945625103,36945626359,1
1430,36945641770,36945643241,1
1431,36945658437,36945659718,1
1432,36945675103,36945676566,1
1433,36945691770,36945693243,1
1434,36945708437,36945709874,1
1435,36945725103,36945726361,1
1436,36945741770,36945743243,1
1437,36945758437,36945759688,1
1438,36945775103,36945776371,1
1439,36945791770,36945793239,1
1440,36945808437,36945809718,1
1441,36945825103,36945826406,1
1442,36945841770,36945843224,1
1443,36945858437,36945859731,1
1444,36945875103,36945876391,1
1445,36945891770,36945893219,1
1446,36945908437,36945909703,1
1447,36945925103,36945926585,1
1448,36945941770,36945943066,1
1449,36945958437,36945959687,1
1450,36945975103,36945976340,1
1451,36945991770,36945993096,1
1452,36946008437,36946009782,1
1453,36946025103,36946026644,1
1454,36946041770,36946043330,1
1455,36946058437,36946059859,1
1456,36946075103,36946076627,1
1457,36946091770,36946093221,1
1458,36946108437,36946109693,1
1459,36946125103,36946126351,1
1460,36946141770,36946143015,1
1461,36946158437,36946159999,1
1462,36946175103,36946176707,1
1463,36946191770,36946193364,1
1464,36946208437,36946210053,1
1465,36946225103,36946226790,1
1466,36946241770,36946243379,1
1467,36946258437,36946260085,1
1468,36946275103,36946276656,1
1469,36946291770,36946293373,1
1470,36946308437,36946310022,1
1471,36946325103,36946326758,1
1472,36946341770,36946343408,1
1473,36946358437,36946359925,1
1474,36946375103,36946376628,1
1475,36946391770,36946393235,1
1476,36946408437,36946410007,1
1477,36946425103,36946426596,1
1478,36946441770,36946443273,1
1479,36946458437,36946459970,1
1480,36946475103,36946476644,1
1481,36946491770,36946493259,1
1482,36946508437,36946509885,1
1483,36946525103,36946526819,1
1484,36946541770,36946543321,1
1485,36946558437,36946559736,1
1486,36946575103,36946576343,1
1487,36946591770,36946593021,1
1488,36946608437,36946609947,1
1489,36946625103,36946626418,1
1490,36946641770,36946643348,1
1491,36946658437,36946660030,1
1492,36946675103,36946676608,1
1493,36946691770,36946693218,1
1494,36946708437,36946709925,1
1495,36946725103,36946726703,1
1496,36946741770,36946743288,1
1497,36946758437,36946759702,1
1498,36946775103,36946776365,1
1499,36946791770,36946793060,1
1500,36946808437,36946809684,1
1501,36946825103,36946826390,1
1502,36946841770,36946843073,1
1503,36946858437,36946860058,1
1504,36946875103,36946876580,1
1505,36946891770,36946893028,1
1506,36946908437,36946909779,1
1507,36946925103,36946926410,1
1508,36946941770,36946943007,1
1509,36946958437,36946959701,1
1510,36946975103,36946976391,1
1511,36946991770,36946993309,1
1512,36947008437,36947009951,1
1513,36947025103,36947026523,1
1514,36947041770,36947043010,1
1515,36947058437,36947059691,1
1516,36947075103,36947076346,1
1517,36947091770,36947093007,1
1518,36947108437,36947109997,1
1519,36947125103,36947126467,1
1520,36947141770,36947143170,1
1521,36947158437,36947159699,1
1522,36947175103,36947176345,1
1523,36947191770,36947193010,1
1524,36947208437,36947209671,1
1525,36947225103,36947226351,1
1526,36947241770,36947243006,1
1527,36947258437,36947259646,1
1528,36947275103,36947276379,1
1529,36947291770,36947293011,1
1530,36947308437,36947309658,1
1531,36947325103,36947326349,1
1532,36947341770,36947343195,1
1533,36947358437,36947359665,1
1534,36947375103,36947376360,1
1535,36947391770,36947392993,1
1536,36947408437,36947409686,1
1537,36947425103,36947426332,1
1538,36947441770,36947442987,1
1539,36947458437,36947459878,1
1540,36947475103,36947476536,1
1541,36947491770,36947492999,1
1542,36947508437,36947509680,1
1543,36947525103,36947526379,1
1544,36947541770,36947543007,1
1545,36947558437,36947559692,1
1546,36947575103,36947576372,1
1547,36947591770,36947593299,1
1548,36947608437,36947609687,1
1549,36947625103,36947626358,1
1550,36947641770,36947643026,1
1551,36947658437,36947659876,1
1552,36947675103,36947676365,1
1553,36947691770,36947693037,1
1554,36947708437,36947709955,1
1555,36947725103,36947726519,1
1556,36947741770,36947743024,1
1557,36947758437,36947759703,1
1558,36947775103,36947776346,1
1559,36947791770,36947793058,1
1560,36947808437,36947809685,1
1561,36947825103,36947826697,1
1562,36947841770,36947843039,1
1563,36947858437,36947859710,1
1564,36947875103,36947876364,1
1565,36947891770,36947893044,1
1566,36947908437,36947909674,1
1567,36947925103,36947926484,1
1568,36947941770,36947943081,1
1569,36947958437,36947959694,1
1570,36947975103,36947976352,1
1571,36947991770,36947993023,1
1572,36948008437,36948009708,1
1573,36948025103,36948026357,1
1574,36948041770,36948043022,1
1575,36948058437,36948059858,1
1576,36948075103,36948076560,1
1577,36948091770,36948093061,1
1578,36948108437,36948109906,1
1579,36948125103,36948126439,1
1580,36948141770,36948143141,1
1581,36948158437,36948159889,1
1582,36948175103,36948176556,1
1583,36948191770,36948193294,1
1584,36948208437,36948209873,1
1585,36948225103,36948226350,1
1586,36948241770,36948243001,1
1587,36948258437,36948259661,1
1588,36948275103,36948276340,1
1589,36948291770,36948293009,1
1590,36948308437,36948309967,1
1591,36948325103,36948326821,1
1592,36948341770,36948343247,1
1593,36948358437,36948359722,1
1594,36948375103,36948376514,1
1595,36948391770,36948393033,1
1596,36948408437,36948409706,1
1597,36948425103,36948426488,1
1598,36948441770,36948443186,1
1599,36948458437,36948459675,1
1600,36948475103,36948476331,1
1601,36948491770,36948492991,1
1602,36948508437,36948509704,1
1603,36948525103,36948526339,1
1604,36948541770,36948543284,1
1605,36948558437,36948559691,1
1606,36948575103,36948576348,1
1607,36948591770,36948593011,1
1608,36948608437,36948609686,1
1609,36948625103,36948626418,1
1610,36948641770,36948643014,1
1611,36948658437,36948659696,1
1612,36948675103,36948676327,1
1613,36948691770,36948693007,1
1614,36948708437,36948709749,1
1615,36948725103,36948726618,1
1616,36948741770,36948743177,1
1617,36948758437,36948759867,1
1618,36948775103,36948776637,1
1619,36948791770,36948793386,1
1620,36948808437,36948809887,1
1621,36948825103,36948826472,1
1622,36948841770,36948843037,1
1623,36948858437,36948859665,1
1624,36948875103,36948876352,1
1625,36948891770,36948893016,1
1626,36948908437,36948909960,1
1627,36948925103,36948926438,1
1628,36948941770,36948943030,1
1629,36948958437,36948959675,1
1630,36948975103,36948976335,1
1631,36948991770,36948993005,1
1632,36949008437,36949009949,1
1633,36949025103,36949026642,1
1634,36949041770,36949043031,1
1635,36949058437,36949059715,1
1636,36949075103,36949076333,1
1637,36949091770,36949093008,1
1638,36949108437,36949109694,1
1639,36949125103,36949126460,1
1640,36949141770,36949143310,1
1641,36949158437,36949159913,1
1642,36949175103,36949176750,1
1643,36949191770,36949193323,1
1644,36949208437,36949209997,1
1645,36949225103,36949226665,1
1646,36949241770,36949243372,1
1647,36949258437,36949260044,1
1648,36949275103,36949276651,1
1649,36949291770,36949293353,1
1650,36949308437,36949310011,1
1651,36949325103,36949326634,1
1652,36949341770,36949343446,1
1653,36949358437,36949359869,1
1654,36949375103,36949376341,1
1655,36949391770,36949393019,1
1656,36949408437,36949409676,1
1657,36949425103,36949426378,1
1658,36949441770,36949443014,1
1659,36949458437,36949459704,1
1660,36949475103,36949476331,1
1661,36949491770,36949493039,1
1662,36949508437,36949509988,1
1663,36949525103,36949526395,1
1664,36949541770,36949543015,1
1665,36949558437,36949559669,1
1666,36949575103,36949576426,1
1667,36949591770,36949593009,1
1668,36949608437,36949609674,1
1669,36949625103,36949626589,1
1670,36949641770,36949643262,1
1671,36949658437,36949659724,1
1672,36949675103,36949676351,1
1673,36949691770,36949693033,1
1674,36949708437,36949709806,1
1675,36949725103,36949726336,1
1676,36949741770,36949743274,1
1677,36949758437,36949759719,1
1678,36949775103,36949776339,1
1679,36949791770,36949793295,1
1680,36949808437,36949809745,1
1681,36949825103,36949826343,1
1682,36949841770,36949843006,1
1683,36949858437,36949859836,1
1684,36949875103,36949876522,1
1685,36949891770,36949893023,1
1686,36949908437,36949909704,1
1687,36949925103,36949926358,1
1688,36949941770,36949943011,1
1689,36949958437,36949959752,1
1690,36949975103,36949976404,1
1691,36949991770,36949993325,1
1692,36950008437,36950009706,1
1693,36950025103,36950026342,1
1694,36950041770,36950043018,1
1695,36950058437,36950059672,1
1696,36950075103,36950076337,1
1697,36950091770,36950093010,1
1698,36950108437,36950109692,1
1699,36950125103,36950126332,1
1700,36950141770,36950143313,1
1701,36950158437,36950159698,1
1702,36950175103,36950176428,1
1703,36950191770,36950193364,1
1704,36950208437,36950209879,1
1705,36950225103,36950226682,1
1706,36950241770,36950243323,1
1707,36950258437,36950259890,1
1708,36950275103,36950276369,1
1709,36950291770,36950293339,1
1710,36950308437,36950309688,1
1711,36950325103,36950326542,1
1712,36950341770,36950343070,1
1713,36950358437,36950359926,1
1714,36950375103,36950376548,1
1715,36950391770,36950393257,1
1716,36950408437,36950409685,1
1717,36950425103,36950426358,1
1718,36950441770,36950443227,1
1719,36950458437,36950459673,1
1720,36950475103,36950476676,1
1721,36950491770,36950493178,1
1722,36950508437,36950509708,1
1723,36950525103,36950526354,1
1724,36950541770,36950543250,1
1725,36950558437,36950559692,1
1726,36950575103,36950576342,1
1727,36950591770,36950593200,1
1728,36950608437,36950609680,1
1729,36950625103,36950626349,1
1730,36950641770,36950643208,1
1731,36950658437,36950659663,1
1732,36950675103,36950676348,1
1733,36950691770,36950693226,1
1734,36950708437,36950709962,1
1735,36950725103,36950726387,1
1736,36950741770,36950743248,1
1737,36950758437,36950759691,1
1738,36950775103,36950776335,1
1739,36950791770,36950793342,1
1740,36950808437,36950809726,1
1741,36950825103,36950826425,1
1742,36950841770,36950843193,1
1743,36950858437,36950859999,1
1744,36950875103,36950876646,1
1745,36950891770,36950893323,1
1746,36950908437,36950909744,1
1747,36950925103,36950926450,1
1748,36950941770,36950943017,1
1749,36950958437,36950960027,1
1750,36950975103,36950976344,1
1751,36950991770,36950993057,1
1752,36951008437,36951009706,1
1753,36951025103,36951026357,1
1754,36951041770,36951043082,1
1755,36951058437,36951059666,1
1756,36951075103,36951076630,1
1757,36951091770,36951093038,1
1758,36951108437,36951109680,1
1759,36951125103,36951126331,1
1760,36951141770,36951143010,1
1761,36951158437,36951159731,1
1762,36951175103,36951176347,1
1763,36951191770,36951193328,1
1764,36951208437,36951209696,1
1765,36951225103,36951226339,1
1766,36951241770,36951243002,1
1767,36951258437,36951259688,1
1768,36951275103,36951276418,1
1769,36951291770,36951293041,1
1770,36951308437,36951309990,1
1771,36951325103,36951326345,1
1772,36951341770,36951343020,1
1773,36951358437,36951359678,1
1774,36951375103,36951376643,1
1775,36951391770,36951393007,1
1776,36951408437,36951409668,1
1777,36951425103,36951426595,1
1778,36951441770,36951443014,1
1779,36951458437,36951459665,1
1780,36951475103,36951476339,1
1781,36951491770,36951493031,1
1782,36951508437,36951509686,1
1783,36951525103,36951526430,1
1784,36951541770,36951543243,1
1785,36951558437,36951559906,1
1786,36951575103,36951576460,1
1787,36951591770,36951593277,1
1788,36951608437,36951610006,1
1789,36951625103,36951626566,1
1790,36951641770,36951643830,1
1791,36951658437,36951660080,1
1792,36951675103,36951676714,1
1793,36951691770,36951693075,1
1794,36951708437,36951709893,1
1795,36951725103,36951726360,1
1796,36951741770,36951743106,1
1797,36951758437,36951759743,1
1798,36951775103,36951776392,1
1799,36951791770,36951793288,1
