frame_count,step,t_out_us,t_read_us,id_a,id_b,decoded
178,1,36925327552,36925328810,208,208,1
179,1,36925344317,36925344837,209,209,1
180,1,36925360632,36925361306,210,210,1
181,1,36925377062,36925377496,211,211,1
182,1,36925394001,36925394468,212,212,1
183,1,36925410394,36925410752,213,213,1
184,1,36925427040,36925427505,214,214,1
185,1,36925443760,36925444143,215,215,1
186,1,36925460924,36925461269,216,216,1
187,1,36925477526,36925477851,217,217,1
188,1,36925493854,36925494267,218,218,1
189,1,36925510278,36925510618,219,219,1
190,1,36925527125,36925527479,220,220,1
191,1,36925544233,36925544577,221,221,1
192,1,36925560831,36925561169,222,222,1
193,1,36925577172,36925577501,223,223,1
194,1,36925593754,36925594159,224,224,1
195,1,36925610281,36925610586,225,225,1
196,1,36925627448,36925627801,226,226,1
197,1,36925644304,36925644653,227,227,1
198,1,36925660408,36925660861,228,228,1
199,1,36925677123,36925677465,229,229,1
200,1,36925693877,36925694314,230,230,1
201,1,36925710325,36925710683,231,231,1
202,1,36925727296,36925727780,232,232,1
203,1,36925743791,36925744196,233,233,1
204,1,36925760705,36925761116,234,234,1
205,1,36925777627,36925778044,235,235,1
206,1,36925794149,36925794573,236,236,1
207,1,36925810619,36925811062,237,237,1
208,1,36925827386,36925827826,238,238,1
209,1,36925843831,36925844204,239,239,1
210,1,36925860461,36925860867,240,240,1
211,1,36925877132,36925877499,241,241,1
212,1,36925893757,36925894095,242,242,1
213,1,36925910354,36925910693,243,243,1
214,1,36925926948,36925927258,244,244,1
215,1,36925944266,36925944606,245,245,1
216,1,36925960361,36925960779,246,246,1
217,1,36925977036,36925977366,247,247,1
218,1,36925993870,36925994188,248,248,1
219,1,36926010696,36926011035,249,249,1
220,1,36926027538,36926028070,250,250,1
221,1,36926043824,36926044156,251,251,1
222,1,36926060409,36926060820,252,252,1
223,1,36926076885,36926077179,253,253,1
224,1,36926093767,36926094280,254,254,1
225,1,36926110793,36926111234,255,255,1
226,1,36926127174,36926127606,256,256,1
227,1,36926144369,36926144768,257,257,1
228,1,36926160776,36926161181,258,258,1
229,1,36926177691,36926178126,259,259,1
230,1,36926194132,36926194608,260,260,1
231,1,36926210621,36926211032,261,261,1
232,1,36926227291,36926227714,262,262,1
233,1,36926243974,36926244392,263,263,1
234,1,36926260491,36926260898,264,264,1
235,1,36926277131,36926277544,265,265,1
236,1,36926293804,36926294277,266,266,1
237,1,36926310553,36926310998,267,267,1
238,1,36926327754,36926328143,268,268,1
239,1,36926344397,36926344724,269,269,1
240,1,36926361229,36926361557,270,270,1
241,1,36926377062,36926377387,271,271,1
242,1,36926393640,36926394144,272,272,1
243,1,36926410434,36926410770,273,273,1
244,1,36926427094,36926427491,274,274,1
245,1,36926443746,36926444094,275,275,1
246,1,36926460849,36926461215,276,276,1
247,1,36926476973,36926477359,277,277,1
248,1,36926494116,36926494482,278,278,1
249,1,36926510248,36926510601,279,279,1
250,1,36926527443,36926527814,280,280,1
251,1,36926543855,36926544185,281,281,1
252,1,36926560798,36926561124,282,282,1
253,1,36926577162,36926577512,283,283,1
254,1,36926593569,36926593884,284,284,1
255,1,36926610430,36926610775,285,285,1
256,1,36926627030,36926627431,286,286,1
257,1,36926643750,36926644108,287,287,1
258,1,36926660909,36926661227,288,288,1
259,1,36926677550,36926677890,289,289,1
260,1,36926693929,36926694294,290,290,1
261,1,36926710304,36926710782,291,291,1
262,1,36926727236,36926727602,292,292,1
263,1,36926743678,36926744013,293,293,1
264,1,36926760777,36926761108,294,294,1
265,1,36926777625,36926777945,295,295,1
266,1,36926793947,36926794413,296,296,1
267,1,36926810200,36926810486,297,297,1
268,1,36926827241,36926827678,298,298,1
269,1,36926844184,36926844501,299,299,1
270,1,36926860755,36926861072,300,300,1
271,1,36926877824,36926878132,301,301,1
272,1,36926893634,36926894089,302,302,1
273,1,36926910342,36926910668,303,303,1
274,1,36926926921,36926927320,304,304,1
275,1,36926943575,36926943940,305,305,1
276,1,36926960221,36926960532,306,306,1
277,1,36926977041,36926977387,307,307,1
278,1,36926994142,36926994519,308,308,1
279,1,36927010774,36927011098,309,309,1
280,1,36927027601,36927027917,310,310,1
281,1,36927043670,36927043984,311,311,1
282,1,36927060486,36927060877,312,312,1
283,1,36927077131,36927077450,313,313,1
284,1,36927093551,36927093986,314,314,1
285,1,36927110743,36927111003,315,315,1
286,1,36927127256,36927127626,316,316,1
287,1,36927144148,36927144483,317,317,1
288,1,36927160257,36927160721,318,318,1
289,1,36927177223,36927177571,319,319,1
290,1,36927193695,36927194098,320,320,1
291,1,36927210605,36927210960,321,321,1
292,1,36927227477,36927227923,322,322,1
293,1,36927244210,36927244598,323,323,1
294,1,36927260377,36927260760,324,324,1
295,1,36927277306,36927277703,325,325,1
296,1,36927294218,36927294661,326,326,1
297,1,36927310424,36927310778,327,327,1
298,1,36927327784,36927328105,328,328,1
299,1,36927344608,36927344920,329,329,1
300,1,36927360922,36927361247,330,330,1
301,1,36927377001,36927377351,331,331,1
302,1,36927393855,36927394262,332,332,1
303,1,36927410274,36927410556,333,333,1
304,1,36927427309,36927427742,334,334,1
305,1,36927444254,36927444586,335,335,1
306,1,36927460840,36927461167,336,336,1
307,1,36927477173,36927477500,337,337,1
308,1,36927493753,36927494138,338,338,1
309,1,36927510390,36927510701,339,339,1
310,1,36927527204,36927527578,340,340,1
311,1,36927543580,36927543887,341,341,1
312,1,36927560140,36927560449,342,342,1
313,1,36927577206,36927577556,343,343,1
314,1,36927593576,36927593904,344,344,1
315,1,36927610660,36927610965,345,345,1
316,1,36927627467,36927627763,346,346,1
317,1,36927644015,36927644333,347,347,1
318,1,36927660336,36927660848,348,348,1
319,1,36927677103,36927677425,349,349,1
320,1,36927693929,36927694296,350,350,1
321,1,36927710800,36927711128,351,351,1
322,1,36927726880,36927727258,352,352,1
323,1,36927743763,36927744074,353,353,1
324,1,36927760328,36927760689,354,354,1
325,1,36927777194,36927777499,355,355,1
326,1,36927793751,36927794160,356,356,1
327,1,36927810413,36927810756,357,357,1
328,1,36927827260,36927827711,358,358,1
329,1,36927844219,36927844641,359,359,1
330,1,36927860649,36927861079,360,360,1
331,1,36927877624,36927878017,361,361,1
332,1,36927894111,36927894546,362,362,1
333,1,36927910558,36927911054,363,363,1
334,1,36927927071,36927927494,364,364,1
335,1,36927943756,36927944095,365,365,1
336,1,36927961187,36927961529,366,366,1
337,1,36927977050,36927977377,367,367,1
338,1,36927993639,36927994102,368,368,1
339,1,36928010459,36928010899,369,369,1
340,1,36928027425,36928027861,370,370,1
341,1,36928043626,36928043916,371,371,1
342,1,36928060921,36928061256,372,372,1
343,1,36928077009,36928077283,373,373,1
344,1,36928094099,36928094363,374,374,1
345,1,36928110619,36928111030,375,375,1
346,1,36928127040,36928127509,376,376,1
347,1,36928143519,36928143825,377,377,1
348,1,36928161081,36928161406,378,378,1
349,1,36928177409,36928177731,379,379,1
350,1,36928193984,36928194353,380,380,1
351,1,36928210356,36928210684,381,381,1
352,1,36928226938,36928227377,382,382,1
353,1,36928243632,36928243931,383,383,1
354,1,36928260684,36928261384,384,384,1
355,1,36928276888,36928277226,385,385,1
356,1,36928294229,36928294536,386,386,1
357,1,36928310289,36928310620,387,387,1
358,1,36928327390,36928327774,388,388,1
359,1,36928343819,36928344139,389,389,1
360,1,36928360742,36928361099,390,390,1
361,1,36928377115,36928377432,391,391,1
362,1,36928394186,36928394528,392,392,1
363,1,36928410281,36928410584,393,393,1
364,1,36928427089,36928427520,394,394,1
365,1,36928443789,36928444137,395,395,1
366,1,36928460891,36928461346,396,396,1
367,1,36928477108,36928477515,397,397,1
368,1,36928493815,36928494220,398,398,1
369,1,36928510480,36928510875,399,399,1
370,1,36928527635,36928528051,400,400,1
371,1,36928544312,36928544734,401,401,1
372,1,36928560494,36928560989,402,402,1
373,1,36928577498,36928577932,403,403,1
374,1,36928593940,36928594395,404,404,1
375,1,36928610972,36928611334,405,405,1
376,1,36928628089,36928628446,406,406,1
377,1,36928643701,36928643966,407,407,1
378,1,36928660472,36928660847,408,408,1
379,1,36928677099,36928677366,409,409,1
380,1,36928693870,36928694293,410,410,1
381,1,36928710303,36928710660,411,411,1
382,1,36928727163,36928727545,412,412,1
383,1,36928744298,36928744636,413,413,1
384,1,36928760871,36928761287,414,414,1
385,1,36928777551,36928778103,415,415,1
386,1,36928793865,36928794379,416,416,1
387,1,36928810672,36928810999,417,417,1
388,1,36928827004,36928827435,418,418,1
389,1,36928844438,36928844761,419,419,1
390,1,36928861014,36928861421,420,420,1
391,1,36928876955,36928877295,421,421,1
392,1,36928894362,36928894927,422,422,1
393,1,36928911256,36928911662,423,423,1
394,1,36928927168,36928927581,424,424,1
395,1,36928944835,36928945146,425,425,1
396,1,36928960898,36928961217,426,426,1
397,1,36928977002,36928977282,427,427,1
398,1,36928993860,36928994303,428,428,1
399,1,36929010313,36929010641,429,429,1
400,1,36929027229,36929027639,430,430,1
401,1,36929044174,36929044513,431,431,1
402,1,36929060332,36929060674,432,432,1
403,1,36929077528,36929077858,433,433,1
404,1,36929093696,36929093994,434,434,1
405,1,36929110752,36929111084,435,435,1
406,1,36929127089,36929127432,436,436,1
407,1,36929144187,36929144494,437,437,1
408,1,36929160247,36929160587,438,438,1
409,1,36929177090,36929177411,439,439,1
410,1,36929193502,36929193856,440,440,1
411,1,36929210705,36929211006,441,441,1
412,1,36929227508,36929227822,442,442,1
413,1,36929243613,36929244005,443,443,1
414,1,36929260260,36929260561,444,444,1
415,1,36929276817,36929277096,445,445,1
416,1,36929294100,36929294435,446,446,1
417,1,36929310688,36929311058,447,447,1
418,1,36929327314,36929327797,448,448,1
419,1,36929343806,36929344197,449,449,1
420,1,36929360456,36929360871,450,450,1
421,1,36929377629,36929378016,451,451,1
422,1,36929394022,36929394418,452,452,1
423,1,36929410923,36929411247,453,453,1
424,1,36929427502,36929427817,454,454,1
425,1,36929443821,36929444141,455,455,1
426,1,36929460645,36929461495,456,456,1
427,1,36929476750,36929477088,457,457,1
428,1,36929493613,36929493989,458,458,1
429,1,36929511004,36929511169,459,459,1
430,1,36929527175,36929527608,460,460,1
431,1,36929543612,36929543766,461,461,1
432,1,36929560270,36929560692,462,462,1
433,1,36929576950,36929577129,463,463,1
434,1,36929593633,36929594103,464,464,1
435,1,36929610391,36929610747,465,465,1
436,1,36929627004,36929627384,466,466,1
437,1,36929643892,36929644243,467,467,1
438,1,36929660746,36929661104,468,468,1
439,1,36929677357,36929677678,469,469,1
440,1,36929693931,36929694285,470,470,1
441,1,36929710291,36929710670,471,471,1
442,1,36929726927,36929727295,472,472,1
443,1,36929743803,36929744125,473,473,1
444,1,36929760704,36929761094,474,474,1
445,1,36929777348,36929777674,475,475,1
446,1,36929793677,36929794124,476,476,1
447,1,36929810376,36929810623,477,477,1
448,1,36929827126,36929827518,478,478,1
449,1,36929843776,36929844110,479,479,1
450,1,36929860865,36929861185,480,480,1
451,1,36929877188,36929877511,481,481,1
452,1,36929893514,36929893825,482,482,1
453,1,36929910581,36929910926,483,483,1
454,1,36929927680,36929928270,484,484,1
455,1,36929944027,36929944445,485,485,1
456,1,36929960455,36929960860,486,486,1
457,1,36929977371,36929977790,487,487,1
458,1,36929993816,36929994242,488,488,1
459,1,36930011006,36930011351,489,489,1
460,1,36930027108,36930027452,490,490,1
461,1,36930043712,36930044036,491,491,1
462,1,36930060791,36930061245,492,492,1
463,1,36930077506,36930077855,493,493,1
464,1,36930093611,36930094050,494,494,1
465,1,36930111310,36930111642,495,495,1
466,1,36930127149,36930127550,496,496,1
467,1,36930144055,36930144431,497,497,1
468,1,36930160441,36930160905,498,498,1
469,1,36930177161,36930177640,499,499,1
470,1,36930193900,36930194284,500,500,1
471,1,36930210791,36930211125,501,501,1
472,1,36930227632,36930227950,502,502,1
473,1,36930243704,36930244144,503,503,1
474,1,36930260401,36930260765,504,504,1
475,1,36930277026,36930277355,505,505,1
476,1,36930294360,36930294710,506,506,1
477,1,36930310715,36930311107,507,507,1
478,1,36930327614,36930327929,508,508,1
479,1,36930343932,36930344295,509,509,1
480,1,36930360551,36930360947,510,510,1
481,1,36930376953,36930377298,511,511,1
482,1,36930394304,36930394675,512,512,1
483,1,36930410430,36930410778,513,513,1
484,1,36930427283,36930427660,514,514,1
485,1,36930443919,36930444278,515,515,1
486,1,36930460284,36930460660,516,516,1
487,1,36930476919,36930477219,517,517,1
488,1,36930494234,36930494689,518,518,1
489,1,36930510695,36930511013,519,519,1
490,1,36930527016,36930527415,520,520,1
491,1,36930543921,36930544291,521,521,1
492,1,36930560297,36930560655,522,522,1
493,1,36930577413,36930577739,523,523,1
494,1,36930594242,36930594576,524,524,1
495,1,36930610580,36930610917,525,525,1
496,1,36930626921,36930627323,526,526,1
497,1,36930643579,36930643927,527,527,1
498,1,36930660432,36930660824,528,528,1
499,1,36930676827,36930677151,529,529,1
500,1,36930693903,36930694297,530,530,1
501,1,36930710804,36930711136,531,531,1
502,1,36930727390,36930727731,532,532,1
503,1,36930743734,36930744052,533,533,1
504,1,36930760305,36930760663,534,534,1
505,1,36930776916,36930777243,535,535,1
506,1,36930793746,36930794190,536,536,1
507,1,36930810700,36930811023,537,537,1
508,1,36930827279,36930827680,538,538,1
509,1,36930844183,36930844493,539,539,1
510,1,36930860246,36930860595,540,540,1
511,1,36930877099,36930877415,541,541,1
512,1,36930893668,36930894082,542,542,1
513,1,36930910835,36930911171,543,543,1
514,1,36930927174,36930927524,544,544,1
515,1,36930943777,36930944124,545,545,1
516,1,36930960378,36930960770,546,546,1
517,1,36930977022,36930977291,547,547,1
518,1,36930993543,36930993884,548,548,1
519,1,36931010389,36931010713,549,549,1
520,1,36931026979,36931027492,550,550,1
521,1,36931044005,36931044331,551,551,1
522,1,36931060335,36931060680,552,552,1
523,1,36931077433,36931077750,553,553,1
524,1,36931093752,36931094137,554,554,1
525,1,36931110391,36931110710,555,555,1
526,1,36931126962,36931127406,556,556,1
527,1,36931143661,36931143984,557,557,1
528,1,36931160738,36931161095,558,558,1
529,1,36931176849,36931177186,559,559,1
530,1,36931194189,36931194521,560,560,1
531,1,36931210273,36931210551,561,561,1
532,1,36931227305,36931227641,562,562,1
533,1,36931243644,36931243933,563,563,1
534,1,36931260438,36931260819,564,564,1
535,1,36931277075,36931277398,565,565,1
536,1,36931294155,36931294496,566,566,1
537,1,36931310251,36931310570,567,567,1
538,1,36931327573,36931327968,568,568,1
539,1,36931343723,36931344039,569,569,1
540,1,36931360794,36931361145,570,570,1
541,1,36931377149,36931377467,571,571,1
542,1,36931394221,36931394607,572,572,1
543,1,36931410612,36931411066,573,573,1
544,1,36931427076,36931427493,574,574,1
545,1,36931443754,36931444138,575,575,1
546,1,36931460895,36931461353,576,576,1
547,1,36931477365,36931477736,577,577,1
548,1,36931493992,36931494469,578,578,1
549,1,36931510730,36931511132,579,579,1
550,1,36931527140,36931527552,580,580,1
551,1,36931544556,36931544883,581,581,1
552,1,36931560886,36931561188,582,582,1
553,1,36931576941,36931577276,583,583,1
554,1,36931593782,36931594189,584,584,1
555,1,36931610443,36931610761,585,585,1
556,1,36931627514,36931627983,586,586,1
557,1,36931643741,36931644100,587,587,1
558,1,36931660354,36931660750,588,588,1
559,1,36931677256,36931677576,589,589,1
560,1,36931694081,36931694515,590,590,1
561,1,36931710270,36931710619,591,591,1
562,1,36931727124,36931727542,592,592,1
563,1,36931743796,36931744218,593,593,1
564,1,36931760727,36931761135,594,594,1
565,1,36931777641,36931777968,595,595,1
566,1,36931794224,36931794686,596,596,1
567,1,36931810441,36931810807,597,597,1
568,1,36931827064,36931827478,598,598,1
569,1,36931843732,36931844063,599,599,1
570,1,36931860817,36931861243,600,600,1
571,1,36931877498,36931877832,601,601,1
572,1,36931893588,36931893976,602,602,1
573,1,36931910486,36931910817,603,603,1
574,1,36931927071,36931927494,604,604,1
575,1,36931943997,36931944319,605,605,1
576,1,36931960322,36931960743,606,606,1
577,1,36931977496,36931977816,607,607,1
578,1,36931993818,36931994247,608,608,1
579,1,36932010573,36932010992,609,609,1
580,1,36932027253,36932027726,610,610,1
581,1,36932044239,36932044642,611,611,1
582,1,36932061149,36932061648,612,612,1
583,1,36932078902,36932079412,613,613,1
584,1,36932094170,36932094620,614,614,1
585,1,36932110631,36932110966,615,615,1
586,1,36932127971,36932128312,616,616,1
587,1,36932143816,36932144157,617,617,1
588,1,36932160411,36932160818,618,618,1
589,1,36932177091,36932177449,619,619,1
590,1,36932193703,36932194159,620,620,1
591,1,36932210413,36932210776,621,621,1
592,1,36932227029,36932227514,622,622,1
593,1,36932244023,36932244345,623,623,1
594,1,36932260855,36932261190,624,624,1
595,1,36932277444,36932277762,625,625,1
596,1,36932293765,36932294147,626,626,1
597,1,36932310404,36932310727,627,627,1
598,1,36932327231,36932327574,628,628,1
599,1,36932344079,36932344415,629,629,1
600,1,36932360420,36932360825,630,630,1
601,1,36932377578,36932377886,631,631,1
602,1,36932393888,36932394259,632,632,1
603,1,36932410761,36932411071,633,633,1
604,1,36932427073,36932427548,634,634,1
605,1,36932443801,36932444121,635,635,1
606,1,36932460376,36932460819,636,636,1
607,1,36932477580,36932477910,637,637,1
608,1,36932494163,36932494485,638,638,1
609,1,36932510239,36932510541,639,639,1
610,1,36932527049,36932527439,640,640,1
611,1,36932543694,36932544002,641,641,1
612,1,36932560755,36932561064,642,642,1
613,1,36932577105,36932577504,643,643,1
614,1,36932593760,36932594235,644,644,1
615,1,36932610245,36932610638,645,645,1
616,1,36932627895,36932628230,646,646,1
617,1,36932644235,36932644550,647,647,1
618,1,36932660804,36932661108,648,648,1
619,1,36932677110,36932677421,649,649,1
620,1,36932693673,36932694086,650,650,1
621,1,36932710595,36932710966,651,651,1
622,1,36932726973,36932727297,652,652,1
623,1,36932743806,36932744137,653,653,1
624,1,36932761140,36932761436,654,654,1
625,1,36932777438,36932777751,655,655,1
626,1,36932794253,36932794557,656,656,1
627,1,36932810309,36932810634,657,657,1
628,1,36932827136,36932827556,658,658,1
629,1,36932843810,36932844142,659,659,1
630,1,36932860894,36932861202,660,660,1
631,1,36932877704,36932878009,661,661,1
632,1,36932894260,36932894589,662,662,1
633,1,36932910342,36932910661,663,663,1
634,1,36932926913,36932927255,664,664,1
635,1,36932943759,36932944110,665,665,1
636,1,36932960365,36932960713,666,666,1
637,1,36932977467,36932977782,667,667,1
638,1,36932993535,36932993867,668,668,1
639,1,36933010620,36933010914,669,669,1
640,1,36933027166,36933027512,670,670,1
641,1,36933044014,36933044339,671,671,1
642,1,36933060343,36933060634,672,672,1
643,1,36933077391,36933077713,673,673,1
644,1,36933093718,36933094111,674,674,1
645,1,36933110863,36933111177,675,675,1
646,1,36933127181,36933127558,676,676,1
647,1,36933144061,36933144379,677,677,1
648,1,36933160383,36933160757,678,678,1
649,1,36933177260,36933177657,679,679,1
650,1,36933193662,36933194035,680,680,1
651,1,36933210791,36933211112,681,681,1
652,1,36933227615,36933227933,682,682,1
653,1,36933244185,36933244478,683,683,1
654,1,36933260230,36933260592,684,684,1
655,1,36933277096,36933277450,685,685,1
656,1,36933293706,36933294147,686,686,1
657,1,36933310650,36933311027,687,687,1
658,1,36933327531,36933327858,688,688,1
659,1,36933343862,36933344222,689,689,1
660,1,36933360477,36933360847,690,690,1
661,1,36933377102,36933377423,691,691,1
662,1,36933394176,36933394485,692,692,1
663,1,36933410488,36933410819,693,693,1
664,1,36933427572,36933427926,694,694,1
665,1,36933443681,36933444039,695,695,1
666,1,36933460291,36933460639,696,696,1
667,1,36933477145,36933477431,697,697,1
668,1,36933494185,36933494566,698,698,1
669,1,36933510321,36933510721,699,699,1
670,1,36933527727,36933528131,700,700,1
671,1,36933543887,36933544289,701,701,1
672,1,36933560544,36933560911,702,702,1
673,1,36933576918,36933577187,703,703,1
674,1,36933594441,36933594754,704,704,1
675,1,36933610506,36933610882,705,705,1
676,1,36933626886,36933627261,706,706,1
677,1,36933643767,36933644089,707,707,1
678,1,36933660591,36933661128,708,708,1
679,1,36933677385,36933677722,709,709,1
680,1,36933693726,36933694079,710,710,1
681,1,36933710837,36933711199,711,711,1
682,1,36933726953,36933727365,712,712,1
683,1,36933743617,36933743955,713,713,1
684,1,36933760208,36933760621,714,714,1
685,1,36933776877,36933777141,715,715,1
686,1,36933794144,36933794514,716,716,1
687,1,36933810269,36933810649,717,717,1
688,1,36933827656,36933828077,718,718,1
689,1,36933843836,36933844172,719,719,1
690,1,36933860689,36933861115,720,720,1
691,1,36933878135,36933878479,721,721,1
692,1,36933893734,36933894186,722,722,1
693,1,36933910441,36933910806,723,723,1
694,1,36933927062,36933927489,724,724,1
695,1,36933943742,36933944097,725,725,1
696,1,36933960850,36933961160,726,726,1
697,1,36933977413,36933977713,727,727,1
698,1,36933994215,36933994523,728,728,1
699,1,36934010274,36934010581,729,729,1
700,1,36934027334,36934027758,730,730,1
701,1,36934043766,36934044103,731,731,1
702,1,36934060358,36934060769,732,732,1
703,1,36934077775,36934078103,733,733,1
704,1,36934093856,36934094277,734,734,1
705,1,36934110782,36934111228,735,735,1
706,1,36934127240,36934127668,736,736,1
707,1,36934143928,36934144337,737,737,1
708,1,36934160597,36934161016,738,738,1
709,1,36934177526,36934177876,739,739,1
710,1,36934194382,36934194714,740,740,1
711,1,36934210469,36934210783,741,741,1
712,1,36934227288,36934227671,742,742,1
713,1,36934243675,36934244014,743,743,1
714,1,36934260272,36934260649,744,744,1
715,1,36934277152,36934277495,745,745,1
716,1,36934294249,36934294561,746,746,1
717,1,36934310314,36934310651,747,747,1
718,1,36934327661,36934327982,748,748,1
719,1,36934343734,36934344033,749,749,1
720,1,36934360285,36934360699,750,750,1
721,1,36934377206,36934377556,751,751,1
722,1,36934393560,36934393870,752,752,1
723,1,36934410625,36934410971,753,753,1
724,1,36934427724,36934428033,754,754,1
725,1,36934444035,36934444340,755,755,1
726,1,36934460342,36934460645,756,756,1
727,1,36934476898,36934477182,757,757,1
728,1,36934493684,36934494083,758,758,1
729,1,36934510335,36934510668,759,759,1
730,1,36934527421,36934527740,760,760,1
731,1,36934543992,36934544298,761,761,1
732,1,36934560800,36934561099,762,762,1
733,1,36934577101,36934577415,763,763,1
734,1,36934593668,36934594041,764,764,1
735,1,36934610545,36934610866,765,765,1
736,1,36934627618,36934628080,766,766,1
737,1,36934643590,36934644062,767,767,1
738,1,36934660820,36934661242,768,768,1
739,1,36934677247,36934677599,769,769,1
740,1,36934694104,36934694508,770,770,1
741,1,36934710266,36934710687,771,771,1
742,1,36934726944,36934727312,772,772,1
743,1,36934743822,36934744198,773,773,1
744,1,36934760707,36934761068,774,774,1
745,1,36934776823,36934777133,775,775,1
746,1,36934793637,36934794110,776,776,1
747,1,36934810485,36934810820,777,777,1
748,1,36934827410,36934827739,778,778,1
749,1,36934844101,36934844419,779,779,1
750,1,36934860700,36934861150,780,780,1
751,1,36934877061,36934877431,781,781,1
752,1,36934893687,36934894066,782,782,1
753,1,36934910574,36934910916,783,783,1
754,1,36934927492,36934927800,784,784,1
755,1,36934944158,36934944510,785,785,1
756,1,36934960346,36934960745,786,786,1
757,1,36934977058,36934977393,787,787,1
758,1,36934993725,36934994147,788,788,1
759,1,36935010650,36935011012,789,789,1
760,1,36935027076,36935027510,790,790,1
761,1,36935044264,36935044583,791,791,1
762,1,36935060338,36935060760,792,792,1
763,1,36935077264,36935077591,793,793,1
764,1,36935093595,36935094030,794,794,1
765,1,36935110288,36935110669,795,795,1
766,1,36935127177,36935127576,796,796,1
767,1,36935144080,36935144400,797,797,1
768,1,36935160903,36935161290,798,798,1
769,1,36935177316,36935177627,799,799,1
770,1,36935193634,36935194035,800,800,1
771,1,36935211305,36935211641,801,801,1
772,1,36935226990,36935227359,802,802,1
773,1,36935243665,36935244012,803,803,1
774,1,36935260598,36935260966,804,804,1
775,1,36935277279,36935277616,805,805,1
776,1,36935294250,36935294563,806,806,1
777,1,36935310638,36935310983,807,807,1
778,1,36935327070,36935327463,808,808,1
779,1,36935343550,36935343826,809,809,1
780,1,36935361080,36935361416,810,810,1
781,1,36935376920,36935377191,811,811,1
782,1,36935393944,36935394372,812,812,1
783,1,36935410560,36935410877,813,813,1
784,1,36935427381,36935427716,814,814,1
785,1,36935443718,36935444035,815,815,1
786,1,36935461038,36935461402,816,816,1
787,1,36935477160,36935477499,817,817,1
788,1,36935494122,36935494442,818,818,1
789,1,36935510833,36935511166,819,819,1
790,1,36935527496,36935527838,820,820,1
791,1,36935543661,36935544007,821,821,1
792,1,36935560856,36935561329,822,822,1
793,1,36935577088,36935577521,823,823,1
794,1,36935594566,36935594977,824,824,1
795,1,36935611739,36935612103,825,825,1
796,1,36935627363,36935627783,826,826,1
797,1,36935644044,36935644428,827,827,1
798,1,36935661184,36935661563,828,828,1
799,1,36935677106,36935677436,829,829,1
800,1,36935693942,36935694367,830,830,1
801,1,36935711487,36935711830,831,831,1
802,1,36935726898,36935727222,832,832,1
803,1,36935743733,36935743994,833,833,1
804,1,36935760999,36935761379,834,834,1
805,1,36935777389,36935777700,835,835,1
806,1,36935793703,36935794182,836,836,1
807,1,36935811436,36935811787,837,837,1
808,1,36935827043,36935827367,838,838,1
809,1,36935844122,36935844440,839,839,1
810,1,36935861192,36935861547,840,840,1
811,1,36935877051,36935877390,841,841,1
812,1,36935893756,36935894157,842,842,1
813,1,36935911002,36935911376,843,843,1
814,1,36935926895,36935927210,844,844,1
815,1,36935944463,36935944813,845,845,1
816,1,36935960820,36935961136,846,846,1
817,1,36935977393,36935977689,847,847,1
818,1,36935993942,36935994320,848,848,1
819,1,36936010324,36936010807,849,849,1
820,1,36936027165,36936027542,850,850,1
821,1,36936043569,36936043941,851,851,1
822,1,36936060700,36936061134,852,852,1
823,1,36936077881,36936078393,853,853,1
824,1,36936094152,36936094562,854,854,1
825,1,36936110567,36936110918,855,855,1
826,1,36936128317,36936128873,856,856,1
827,1,36936143642,36936143984,857,857,1
828,1,36936160241,36936160659,858,858,1
829,1,36936178168,36936178539,859,859,1
830,1,36936193966,36936194853,860,860,1
831,1,36936210360,36936210783,861,861,1
832,1,36936227292,36936227732,862,862,1
833,1,36936244241,36936244467,863,863,1
834,1,36936260980,36936261526,864,864,1
835,1,36936277783,36936277962,865,865,1
836,1,36936293968,36936294365,866,866,1
837,1,36936311369,36936311731,867,867,1
838,1,36936326988,36936327352,868,868,1
839,1,36936343613,36936343940,869,869,1
840,1,36936361948,36936362275,870,870,1
841,1,36936377279,36936377587,871,871,1
842,1,36936393590,36936394010,872,872,1
843,1,36936410266,36936410575,873,873,1
844,1,36936426828,36936427195,874,874,1
845,1,36936444003,36936444332,875,875,1
846,1,36936460336,36936460730,876,876,1
847,1,36936477482,36936477798,877,877,1
848,1,36936493801,36936494181,878,878,1
849,1,36936510198,36936510499,879,879,1
850,1,36936527253,36936527705,880,880,1
851,1,36936543716,36936544111,881,881,1
852,1,36936560167,36936560498,882,882,1
853,1,36936577009,36936577324,883,883,1
854,1,36936594328,36936594629,884,884,1
855,1,36936610692,36936611013,885,885,1
856,1,36936626874,36936627305,886,886,1
857,1,36936643914,36936644295,887,887,1
858,1,36936660585,36936660962,888,888,1
859,1,36936677271,36936677613,889,889,1
860,1,36936694394,36936694728,890,890,1
861,1,36936710279,36936710591,891,891,1
862,1,36936726954,36936727312,892,892,1
863,1,36936743882,36936744200,893,893,1
864,1,36936760454,36936760836,894,894,1
865,1,36936777339,36936777695,895,895,1
866,1,36936793950,36936794337,896,896,1
867,1,36936810609,36936810943,897,897,1
868,1,36936827032,36936827478,898,898,1
869,1,36936844238,36936844550,899,899,1
870,1,36936860397,36936860811,900,900,1
871,1,36936877093,36936877416,901,901,1
872,1,36936893669,36936894083,902,902,1
873,1,36936910475,36936910837,903,903,1
874,1,36936927370,36936927710,904,904,1
875,1,36936944045,36936944377,905,905,1
876,1,36936960881,36936961201,906,906,1
877,1,36936976955,36936977286,907,907,1
878,1,36936993834,36936994224,908,908,1
879,1,36937010261,36937010517,909,909,1
880,1,36937027270,36937027703,910,910,1
881,1,36937044209,36937044527,911,911,1
882,1,36937060782,36937061110,912,912,1
883,1,36937077112,36937077437,913,913,1
884,1,36937093689,36937094073,914,914,1
885,1,36937110326,36937110641,915,915,1
886,1,36937127143,36937127511,916,916,1
887,1,36937144015,36937144325,917,917,1
888,1,36937160220,36937160560,918,918,1
889,1,36937177564,36937177878,919,919,1
890,1,36937193630,36937193972,920,920,1
891,1,36937210728,36937211042,921,921,1
892,1,36937227044,36937227415,922,922,1
893,1,36937244167,36937244503,923,923,1
894,1,36937260505,36937260893,924,924,1
895,1,36937276981,36937277332,925,925,1
896,1,36937293839,36937294241,926,926,1
897,1,36937310758,36937311048,927,927,1
898,1,36937327573,36937327881,928,928,1
899,1,36937344135,36937344403,929,929,1
900,1,36937360439,36937360843,930,930,1
901,1,36937377118,36937377518,931,931,1
902,1,36937393693,36937394006,932,932,1
903,1,36937410511,36937410840,933,933,1
904,1,36937427595,36937427998,934,934,1
905,1,36937444258,36937444584,935,935,1
906,1,36937460414,36937460865,936,936,1
907,1,36937477128,36937477450,937,937,1
908,1,36937493485,36937493821,938,938,1
909,1,36937510430,36937510805,939,939,1
910,1,36937527126,36937527506,940,940,1
911,1,36937543530,36937543862,941,941,1
912,1,36937560964,36937561278,942,942,1
913,1,36937577280,36937577632,943,943,1
914,1,36937593886,36937594260,944,944,1
915,1,36937610265,36937610565,945,945,1
916,1,36937627185,36937627616,946,946,1
917,1,36937643624,36937643998,947,947,1
918,1,36937660809,36937661244,948,948,1
919,1,36937677505,36937677878,949,949,1
920,1,36937694172,36937694651,950,950,1
921,1,36937710668,36937711097,951,951,1
922,1,36937727357,36937727775,952,952,1
923,1,36937744036,36937744458,953,953,1
924,1,36937761242,36937761591,954,954,1
925,1,36937777198,36937777552,955,955,1
926,1,36937794572,36937794919,956,956,1
927,1,36937810186,36937810483,957,957,1
928,1,36937827240,36937827649,958,958,1
929,1,36937843653,36937843945,959,959,1
930,1,36937860702,36937861024,960,960,1
931,1,36937877034,36937877286,961,961,1
932,1,36937894291,36937894619,962,962,1
933,1,36937910405,36937910769,963,963,1
934,1,36937927023,36937927376,964,964,1
935,1,36937943634,36937944004,965,965,1
936,1,36937960762,36937961105,966,966,1
937,1,36937977358,36937977689,967,967,1
938,1,36937993942,36937994300,968,968,1
939,1,36938010307,36938010639,969,969,1
940,1,36938027143,36938027498,970,970,1
941,1,36938043751,36938044074,971,971,1
942,1,36938060327,36938060710,972,972,1
943,1,36938077465,36938077779,973,973,1
944,1,36938093782,36938094150,974,974,1
945,1,36938110669,36938111026,975,975,1
946,1,36938127072,36938127452,976,976,1
947,1,36938144018,36938144342,977,977,1
948,1,36938160393,36938160817,978,978,1
949,1,36938176928,36938177181,979,979,1
950,1,36938193683,36938194096,980,980,1
951,1,36938210349,36938210739,981,981,1
952,1,36938227245,36938227613,982,982,1
953,1,36938243619,36938243946,983,983,1
954,1,36938260700,36938261048,984,984,1
955,1,36938277051,36938277504,985,985,1
956,1,36938294011,36938294422,986,986,1
957,1,36938310440,36938310911,987,987,1
958,1,36938327170,36938327665,988,988,1
959,1,36938343921,36938344348,989,989,1
960,1,36938360858,36938361290,990,990,1
961,1,36938377567,36938377920,991,991,1
962,1,36938393757,36938394193,992,992,1
963,1,36938410449,36938410775,993,993,1
964,1,36938427032,36938427460,994,994,1
965,1,36938443714,36938444064,995,995,1
966,1,36938460568,36938461411,996,996,1
967,1,36938476914,36938477212,997,997,1
968,1,36938494216,36938494523,998,998,1
969,1,36938510776,36938511091,999,999,1
970,1,36938527594,36938527912,1000,1000,1
971,1,36938543665,36938543989,1001,1001,1
972,1,36938560494,36938560888,1002,1002,1
973,1,36938576891,36938577219,1003,1003,1
974,1,36938593731,36938594136,1004,1004,1
975,1,36938610890,36938611258,1005,1005,1
976,1,36938627533,36938627852,1006,1006,1
977,1,36938644106,36938644417,1007,1007,1
978,1,36938660420,36938660776,1008,1008,1
979,1,36938677067,36938677405,1009,1009,1
980,1,36938693743,36938694144,1010,1010,1
981,1,36938710737,36938711118,1011,1011,1
982,1,36938727629,36938727941,1012,1012,1
983,1,36938743753,36938744077,1013,1013,1
984,1,36938760433,36938760890,1014,1014,1
985,1,36938776893,36938777199,1015,1015,1
986,1,36938793701,36938794117,1016,1016,1
987,1,36938810369,36938810701,1017,1017,1
988,1,36938826955,36938827348,1018,1018,1
989,1,36938844102,36938844453,1019,1019,1
990,1,36938860705,36938861011,1020,1020,1
991,1,36938877513,36938877838,1021,1021,1
992,1,36938893591,36938894010,1022,1022,1
993,1,36938910268,36938910582,1023,1023,1
994,1,36938927110,36938927529,1024,1024,1
995,1,36938944032,36938944392,1025,1025,1
996,1,36938960397,36938960796,1026,1026,1
997,1,36938977302,36938977616,1027,1027,1
998,1,36938993619,36938993987,1028,1028,1
999,1,36939010243,36939010561,1029,1029,1
1000,1,36939027073,36939027464,1030,1030,1
1001,1,36939043808,36939044139,1031,1031,1
1002,1,36939060642,36939061019,1032,1032,1
1003,1,36939077025,36939077399,1033,1033,1
1004,1,36939094155,36939094600,1034,1034,1
1005,1,36939111109,36939111439,1035,1035,1
1006,1,36939127444,36939127750,1036,1036,1
1007,1,36939143752,36939144040,1037,1037,1
1008,1,36939160294,36939160727,1038,1038,1
1009,1,36939177229,36939177546,1039,1039,1
1010,1,36939193832,36939194252,1040,1040,1
1011,1,36939210382,36939210733,1041,1041,1
1012,1,36939227490,36939227813,1042,1042,1
1013,1,36939244159,36939244494,1043,1043,1
1014,1,36939260856,36939261177,1044,1044,1
1015,1,36939277024,36939277277,1045,1045,1
1016,1,36939293783,36939294194,1046,1046,1
1017,1,36939310448,36939310784,1047,1047,1
1018,1,36939327037,36939327366,1048,1048,1
1019,1,36939343618,36939343882,1049,1049,1
1020,1,36939361135,36939361472,1050,1050,1
1021,1,36939377224,36939377575,1051,1051,1
1022,1,36939394080,36939394407,1052,1052,1
1023,1,36939410411,36939410815,1053,1053,1
1024,1,36939427139,36939427530,1054,1054,1
1025,1,36939443573,36939443858,1055,1055,1
1026,1,36939460914,36939461250,1056,1056,1
1027,1,36939477506,36939477832,1057,1057,1
1028,1,36939494160,36939494477,1058,1058,1
1029,1,36939510289,36939510639,1059,1059,1
1030,1,36939526895,36939527246,1060,1060,1
1031,1,36939543755,36939544132,1061,1061,1
1032,1,36939560638,36939561012,1062,1062,1
1033,1,36939577266,36939577590,1063,1063,1
1034,1,36939593594,36939594023,1064,1064,1
1035,1,36939610282,36939610623,1065,1065,1
1036,1,36939627127,36939627585,1066,1066,1
1037,1,36939643596,36939643933,1067,1067,1
1038,1,36939660689,36939661144,1068,1068,1
1039,1,36939677149,36939677494,1069,1069,1
1040,1,36939693999,36939694379,1070,1070,1
1041,1,36939710382,36939710702,1071,1071,1
1042,1,36939726957,36939727355,1072,1072,1
1043,1,36939743863,36939744205,1073,1073,1
1044,1,36939760461,36939760836,1074,1074,1
1045,1,36939777343,36939777764,1075,1075,1
1046,1,36939794275,36939794718,1076,1076,1
1047,1,36939810975,36939811392,1077,1077,1
1048,1,36939827165,36939827588,1078,1078,1
1049,1,36939843841,36939844162,1079,1079,1
1050,1,36939860665,36939860936,1080,1080,1
1051,1,36939877189,36939877504,1081,1081,1
1052,1,36939893759,36939894251,1082,1082,1
1053,1,36939910521,36939910900,1083,1083,1
1054,1,36939927158,36939927582,1084,1084,1
1055,1,36939944085,36939944417,1085,1085,1
1056,1,36939960921,36939961254,1086,1086,1
1057,1,36939977508,36939977820,1087,1087,1
1058,1,36939993825,36939994215,1088,1088,1
1059,1,36940010469,36940010814,1089,1089,1
1060,1,36940027069,36940027488,1090,1090,1
1061,1,36940043741,36940044099,1091,1091,1
1062,1,36940061103,36940061424,1092,1092,1
1063,1,36940077429,36940077764,1093,1093,1
1064,1,36940094267,36940094589,1094,1094,1
1065,1,36940110343,36940110680,1095,1095,1
1066,1,36940126933,36940127361,1096,1096,1
1067,1,36940143617,36940143960,1097,1097,1
1068,1,36940160714,36940161094,1098,1098,1
1069,1,36940176851,36940177147,1099,1099,1
1070,1,36940194150,36940194496,1100,1100,1
1071,1,36940210250,36940210530,1101,1101,1
1072,1,36940227283,36940227617,1102,1102,1
1073,1,36940243619,36940243969,1103,1103,1
1074,1,36940260473,36940260914,1104,1104,1
1075,1,36940277171,36940277519,1105,1105,1
1076,1,36940293524,36940293818,1106,1106,1
1077,1,36940310822,36940311162,1107,1107,1
1078,1,36940326916,36940327319,1108,1108,1
1079,1,36940344076,36940344425,1109,1109,1
1080,1,36940360429,36940360771,1110,1110,1
1081,1,36940377028,36940377487,1111,1111,1
1082,1,36940393996,36940394455,1112,1112,1
1083,1,36940410966,36940411356,1113,1113,1
1084,1,36940427613,36940428074,1114,1114,1
1085,1,36940444364,36940444867,1115,1115,1
1086,1,36940460628,36940461035,1116,1116,1
1087,1,36940477044,36940477380,1117,1117,1
1088,1,36940493886,36940494322,1118,1118,1
1089,1,36940510575,36940510966,1119,1119,1
1090,1,36940527222,36940527698,1120,1120,1
1091,1,36940543706,36940544090,1121,1121,1
1092,1,36940561097,36940561448,1122,1122,1
1093,1,36940577453,36940577773,1123,1123,1
1094,1,36940594027,36940594440,1124,1124,1
1095,1,36940610445,36940610783,1125,1125,1
1096,1,36940627038,36940627457,1126,1126,1
1097,1,36940643717,36940644116,1127,1127,1
1098,1,36940660374,36940660750,1128,1128,1
1099,1,36940677508,36940677830,1129,1129,1
1100,1,36940694334,36940694667,1130,1130,1
1101,1,36940710921,36940711273,1131,1131,1
1102,1,36940727029,36940727489,1132,1132,1
1103,1,36940743743,36940744084,1133,1133,1
1104,1,36940760339,36940760727,1134,1134,1
1105,1,36940777489,36940777929,1135,1135,1
1106,1,36940794186,36940794603,1136,1136,1
1107,1,36940810366,36940810716,1137,1137,1
1108,1,36940826973,36940827395,1138,1138,1
1109,1,36940843655,36940843940,1139,1139,1
1110,1,36940860695,36940861125,1140,1140,1
1111,1,36940876880,36940877227,1141,1141,1
1112,1,36940893735,36940894163,1142,1142,1
1113,1,36940910418,36940910740,1143,1143,1
1114,1,36940927494,36940927817,1144,1144,1
1115,1,36940943821,36940944252,1145,1145,1
1116,1,36940960263,36940960609,1146,1146,1
1117,1,36940977118,36940977446,1147,1147,1
1118,1,36940994451,36940994786,1148,1148,1
1119,1,36941010290,36941010622,1149,1149,1
1120,1,36941027127,36941027474,1150,1150,1
1121,1,36941043730,36941044053,1151,1151,1
1122,1,36941060808,36941061114,1152,1152,1
1123,1,36941077618,36941077932,1153,1153,1
1124,1,36941094185,36941094503,1154,1154,1
1125,1,36941110257,36941110617,1155,1155,1
1126,1,36941127121,36941127501,1156,1156,1
1127,1,36941143758,36941144094,1157,1157,1
1128,1,36941160599,36941160932,1158,1158,1
1129,1,36941177687,36941178009,1159,1159,1
1130,1,36941193765,36941194149,1160,1160,1
1131,1,36941210403,36941210734,1161,1161,1
1132,1,36941226989,36941227373,1162,1162,1
1133,1,36941243630,36941243959,1163,1163,1
1134,1,36941260715,36941261054,1164,1164,1
1135,1,36941277308,36941277630,1165,1165,1
1136,1,36941294134,36941294455,1166,1166,1
1137,1,36941310460,36941310759,1167,1167,1
1138,1,36941327014,36941327464,1168,1168,1
1139,1,36941343719,36941344062,1169,1169,1
1140,1,36941360318,36941360637,1170,1170,1
1141,1,36941377393,36941377732,1171,1171,1
1142,1,36941393986,36941394384,1172,1172,1
1143,1,36941410887,36941411179,1173,1173,1
1144,1,36941427182,36941427550,1174,1174,1
1145,1,36941443552,36941443846,1175,1175,1
1146,1,36941460349,36941460747,1176,1176,1
1147,1,36941476999,36941477311,1177,1177,1
1148,1,36941494064,36941494384,1178,1178,1
1149,1,36941510888,36941511203,1179,1179,1
1150,1,36941527457,36941527765,1180,1180,1
1151,1,36941543768,36941544106,1181,1181,1
1152,1,36941560359,36941560752,1182,1182,1
1153,1,36941577006,36941577291,1183,1183,1
1154,1,36941594045,36941594444,1184,1184,1
1155,1,36941610698,36941610980,1185,1185,1
1156,1,36941626987,36941627417,1186,1186,1
1157,1,36941643923,36941644370,1187,1187,1
1158,1,36941660375,36941660763,1188,1188,1
1159,1,36941677521,36941677850,1189,1189,1
1160,1,36941693854,36941694267,1190,1190,1
1161,1,36941710771,36941711191,1191,1191,1
1162,1,36941726948,36941727384,1192,1192,1
1163,1,36941743642,36941743978,1193,1193,1
1164,1,36941760483,36941760878,1194,1194,1
1165,1,36941777380,36941777693,1195,1195,1
1166,1,36941794197,36941794510,1196,1196,1
1167,1,36941810264,36941810594,1197,1197,1
1168,1,36941827346,36941827767,1198,1198,1
1169,1,36941843774,36941844179,1199,1199,1
1170,1,36941860436,36941860833,1200,1200,1
1171,1,36941877843,36941878219,1201,1201,1
1172,1,36941894227,36941894646,1202,1202,1
1173,1,36941910660,36941910991,1203,1203,1
1174,1,36941926997,36941927332,1204,1204,1
1175,1,36941944093,36941944469,1205,1205,1
1176,1,36941960477,36941960855,1206,1206,1
1177,1,36941977116,36941977434,1207,1207,1
1178,1,36941993692,36941994139,1208,1208,1
1179,1,36942010894,36942011258,1209,1209,1
1180,1,36942027515,36942027865,1210,1210,1
1181,1,36942043621,36942043972,1211,1211,1
1182,1,36942060730,36942061128,1212,1212,1
1183,1,36942077136,36942077505,1213,1213,1
1184,1,36942093762,36942094210,1214,1214,1
1185,1,36942110464,36942110767,1215,1215,1
1186,1,36942127770,36942128086,1216,1216,1
1187,1,36942144088,36942144395,1217,1217,1
1188,1,36942160398,36942160803,1218,1218,1
1189,1,36942177055,36942177396,1219,1219,1
1190,1,36942193650,36942194065,1220,1220,1
1191,1,36942210818,36942211145,1221,1221,1
1192,1,36942227401,36942227689,1222,1222,1
1193,1,36942243693,36942244026,1223,1223,1
1194,1,36942260529,36942260988,1224,1224,1
1195,1,36942277242,36942277598,1225,1225,1
1196,1,36942294101,36942294451,1226,1226,1
1197,1,36942310975,36942311334,1227,1227,1
1198,1,36942327590,36942327926,1228,1228,1
1199,1,36942343682,36942344000,1229,1229,1
1200,1,36942360504,36942360823,1230,1230,1
1201,1,36942377076,36942377398,1231,1231,1
1202,1,36942393652,36942393901,1232,1232,1
1203,1,36942411690,36942411996,1233,1233,1
1204,1,36942427250,36942427689,1234,1234,1
1205,1,36942443443,36942443771,1235,1235,1
1206,1,36942460276,36942460629,1236,1236,1
1207,1,36942478387,36942478766,1237,1237,1
1208,1,36942494023,36942494414,1238,1238,1
1209,1,36942510676,36942511066,1239,1239,1
1210,1,36942527339,36942527780,1240,1240,1
1211,1,36942544043,36942544447,1241,1241,1
1212,1,36942560708,36942561125,1242,1242,1
1213,1,36942577636,36942577995,1243,1243,1
1214,1,36942594501,36942594828,1244,1244,1
1215,1,36942611083,36942611411,1245,1245,1
1216,1,36942627167,36942627594,1246,1246,1
1217,1,36942643850,36942644177,1247,1247,1
1218,1,36942660680,36942661155,1248,1248,1
1219,1,36942677418,36942677705,1249,1249,1
1220,1,36942694211,36942694546,1250,1250,1
1221,1,36942711302,36942711637,1251,1251,1
1222,1,36942726893,36942727247,1252,1252,1
1223,1,36942743755,36942744077,1253,1253,1
1224,1,36942760331,36942760760,1254,1254,1
1225,1,36942777013,36942777350,1255,1255,1
1226,1,36942793856,36942794242,1256,1256,1
1227,1,36942810248,36942810557,1257,1257,1
1228,1,36942827561,36942827963,1258,1258,1
1229,1,36942844216,36942844514,1259,1259,1
1230,1,36942860766,36942861066,1260,1260,1
1231,1,36942877068,36942877379,1261,1261,1
1232,1,36942893881,36942894251,1262,1262,1
1233,1,36942910507,36942910822,1263,1263,1
1234,1,36942927575,36942927895,1264,1264,1
1235,1,36942943648,36942943956,1265,1265,1
1236,1,36942960459,36942960836,1266,1266,1
1237,1,36942977089,36942977429,1267,1267,1
1238,1,36942994182,36942994490,1268,1268,1
1239,1,36943010993,36943011361,1269,1269,1
1240,1,36943027617,36943027986,1270,1270,1
1241,1,36943043742,36943044103,1271,1271,1
1242,1,36943060611,36943061025,1272,1272,1
1243,1,36943077279,36943077626,1273,1273,1
1244,1,36943094131,36943094463,1274,1274,1
1245,1,36943110966,36943111284,1275,1275,1
1246,1,36943127538,36943127852,1276,1276,1
1247,1,36943143860,36943144281,1277,1277,1
1248,1,36943160539,36943160945,1278,1278,1
1249,1,36943177204,36943177582,1279,1279,1
1250,1,36943194338,36943194667,1280,1280,1
1251,1,36943210922,36943211250,1281,1281,1
1252,1,36943227755,36943228059,1282,1282,1
1253,1,36943243812,36943244126,1283,1283,1
1254,1,36943268594,36943269469,1284,1284,1
1255,1,36943277312,36943277782,1285,1285,1
1256,1,36943294044,36943294340,1286,1286,1
1257,1,36943319601,36943319927,1287,1287,1
1258,1,36943327682,36943327838,1288,1288,1
1259,1,36943344342,36943344592,1289,1289,1
1260,1,36943360346,36943360597,1290,1290,1
1261,1,36943376859,36943377215,1291,1291,1
1262,1,36943393723,36943394168,1292,1292,1
1263,1,36943410181,36943410525,1293,1293,1
1264,1,36943427282,36943427691,1294,1294,1
1265,1,36943444200,36943444534,1295,1295,1
1266,1,36943460540,36943460909,1296,1296,1
1267,1,36943477165,36943477495,1297,1297,1
1268,1,36943493748,36943494113,1298,1298,1
1269,1,36943510615,36943510965,1299,1299,1
1270,1,36943527472,36943527807,1300,1300,1
1271,1,36943543562,36943543883,1301,1301,1
1272,1,36943561136,36943561446,1302,1302,1
1273,1,36943577198,36943577504,1303,1303,1
1274,1,36943594257,36943594553,1304,1304,1
1275,1,36943610306,36943610666,1305,1305,1
1276,1,36943627170,36943627569,1306,1306,1
1277,1,36943643826,36943644157,1307,1307,1
1278,1,36943660911,36943661235,1308,1308,1
1279,1,36943677488,36943677775,1309,1309,1
1280,1,36943693779,36943694237,1310,1310,1
1281,1,36943710491,36943710866,1311,1311,1
1282,1,36943727124,36943727510,1312,1312,1
1283,1,36943744264,36943744609,1313,1313,1
1284,1,36943760863,36943761182,1314,1314,1
1285,1,36943776937,36943777229,1315,1315,1
1286,1,36943793734,36943794049,1316,1316,1
1287,1,36943810554,36943810901,1317,1317,1
1288,1,36943827406,36943827740,1318,1318,1
1289,1,36943844245,36943844558,1319,1319,1
1290,1,36943860811,36943861167,1320,1320,1
1291,1,36943877172,36943877574,1321,1321,1
1292,1,36943893832,36943894250,1322,1322,1
1293,1,36943910762,36943911210,1323,1323,1
1294,1,36943927472,36943927947,1324,1324,1
1295,1,36943944213,36943944619,1325,1325,1
1296,1,36943961380,36943961732,1326,1326,1
1297,1,36943977239,36943977743,1327,1327,1
1298,1,36943993754,36943994161,1328,1328,1
1299,1,36944010423,36944010753,1329,1329,1
1300,1,36944027757,36944028079,1330,1330,1
1301,1,36944043583,36944043858,1331,1331,1
1302,1,36944060363,36944060784,1332,1332,1
1303,1,36944077038,36944077366,1333,1333,1
1304,1,36944093621,36944094078,1334,1334,1
1305,1,36944110832,36944111184,1335,1335,1
1306,1,36944127439,36944127773,1336,1336,1
1307,1,36944144028,36944144363,1337,1337,1
1308,1,36944160367,36944160789,1338,1338,1
1309,1,36944177043,36944177455,1339,1339,1
1310,1,36944193713,36944194151,1340,1340,1
1311,1,36944210659,36944210992,1341,1341,1
1312,1,36944226997,36944227351,1342,1342,1
1313,1,36944244110,36944244443,1343,1343,1
1314,1,36944260449,36944260851,1344,1344,1
1315,1,36944277605,36944277926,1345,1345,1
1316,1,36944293931,36944294337,1346,1346,1
1317,1,36944310340,36944310646,1347,1347,1
1318,1,36944327236,36944327630,1348,1348,1
1319,1,36944344132,36944344442,1349,1349,1
1320,1,36944360194,36944360634,1350,1350,1
1321,1,36944377141,36944377491,1351,1351,1
1322,1,36944393745,36944394144,1352,1352,1
1323,1,36944410648,36944410976,1353,1353,1
1324,1,36944427230,36944427623,1354,1354,1
1325,1,36944443625,36944443929,1355,1355,1
1326,1,36944460433,36944460977,1356,1356,1
1327,1,36944477483,36944477847,1357,1357,1
1328,1,36944494351,36944494666,1358,1358,1
1329,1,36944510920,36944511232,1359,1359,1
1330,1,36944527234,36944527621,1360,1360,1
1331,1,36944543623,36944543971,1361,1361,1
1332,1,36944560224,36944560644,1362,1362,1
1333,1,36944577175,36944577654,1363,1363,1
1334,1,36944594281,36944594784,1364,1364,1
1335,1,36944611046,36944611451,1365,1365,1
1336,1,36944627714,36944628119,1366,1366,1
1337,1,36944644166,36944644533,1367,1367,1
1338,1,36944660540,36944661002,1368,1368,1
1339,1,36944677257,36944677591,1369,1369,1
1340,1,36944694597,36944694932,1370,1370,1
1341,1,36944710535,36944710945,1371,1371,1
1342,1,36944727203,36944727630,1372,1372,1
1343,1,36944743636,36944743903,1373,1373,1
1344,1,36944760407,36944760807,1374,1374,1
1345,1,36944777060,36944777498,1375,1375,1
1346,1,36944793753,36944794182,1376,1376,1
1347,1,36944810194,36944810479,1377,1377,1
1348,1,36944826983,36944827367,1378,1378,1
1349,1,36944844174,36944844511,1379,1379,1
1350,1,36944860639,36944860995,1380,1380,1
1351,1,36944877536,36944877854,1381,1381,1
1352,1,36944893619,36944894044,1382,1382,1
1353,1,36944910313,36944910639,1383,1383,1
1354,1,36944926894,36944927180,1384,1384,1
1355,1,36944943685,36944944067,1385,1385,1
1356,1,36944960324,36944960757,1386,1386,1
1357,1,36944977350,36944977672,1387,1387,1
1358,1,36944994046,36944994407,1388,1388,1
1359,1,36945010730,36945011074,1389,1389,1
1360,1,36945026832,36945027169,1390,1390,1
1361,1,36945043671,36945044109,1391,1391,1
1362,1,36945060612,36945061037,1392,1392,1
1363,1,36945077289,36945077706,1393,1393,1
1364,1,36945094208,36945094512,1394,1394,1
1365,1,36945110514,36945110826,1395,1395,1
1366,1,36945127080,36945127587,1396,1396,1
1367,1,36945143597,36945143929,1397,1397,1
1368,1,36945160458,36945160938,1398,1398,1
1369,1,36945177519,36945177847,1399,1399,1
1370,1,36945193881,36945194279,1400,1400,1
1371,1,36945210288,36945210619,1401,1401,1
1372,1,36945226916,36945227214,1402,1402,1
1373,1,36945243717,36945244074,1403,1403,1
1374,1,36945260327,36945260661,1404,1404,1
1375,1,36945277414,36945277718,1405,1405,1
1376,1,36945294221,36945294581,1406,1406,1
1377,1,36945310584,36945311033,1407,1407,1
