frame_count,t_in_us,t_due_us,t_pub_us,published
32,36922326994,36922376994,36922377994,1
33,36922343597,36922393597,36922393844,1
34,36922359729,36922409729,36922409954,1
35,36922376579,36922426579,36922426706,1
36,36922393502,36922443502,36922443646,1
37,36922410207,36922460207,36922460326,1
38,36922426506,36922476506,36922476616,1
39,36922443211,36922493211,36922493338,1
40,36922459905,36922509905,36922510235,1
41,36922476869,36922526869,36922527002,1
42,36922493190,36922543190,36922543309,1
43,36922510504,36922560504,36922560675,1
44,36922526555,36922576555,36922576684,1
45,36922543562,36922593562,36922593674,1
46,36922559858,36922609858,36922609955,1
47,36922576938,36922626938,36922627263,1
48,36922593254,36922643254,36922643385,1
49,36922609685,36922659685,36922659811,1
50,36922627518,36922677518,36922677688,1
51,36922643090,36922693090,36922693449,1
52,36922660065,36922710065,36922710176,1
53,36922676402,36922726402,36922726512,1
54,36922693705,36922743705,36922743912,1
55,36922709783,36922759783,36922760163,1
56,36922726765,36922776765,36922776938,1
57,36922743122,36922793122,36922793233,1
58,36922760417,36922810417,36922810684,1
59,36922776547,36922826547,36922826697,1
60,36922793515,36922843515,36922843819,1
61,36922809920,36922859920,36922860270,1
62,36922826440,36922876440,36922876784,1
63,36922843039,36922893039,36922893229,1
64,36922860526,36922910526,36922910714,1
65,36922877076,36922927076,36922927349,1
66,36922893485,36922943485,36922943636,1
67,36922909795,36922959795,36922959907,1
68,36922926471,36922976471,36922976672,1
69,36922943108,36922993108,36922993440,1
70,36922960161,36923010161,36923010303,1
71,36922976927,36923026927,36923027070,1
72,36922993696,36923043696,36923043872,1
73,36923009996,36923059996,36923060114,1
74,36923026561,36923076561,36923076718,1
75,36923043326,36923093326,36923093475,1
76,36923059882,36923109882,36923110317,1
77,36923076973,36923126973,36923127203,1
78,36923093277,36923143277,36923143380,1
79,36923110575,36923160575,36923160762,1
80,36923126645,36923176645,36923176745,1
81,36923143213,36923193213,36923193328,1
82,36923159886,36923209886,36923209996,1
83,36923176517,36923226517,36923226853,1
84,36923193581,36923243581,36923243732,1
85,36923209712,36923259712,36923259876,1
86,36923227108,36923277108,36923277243,1
87,36923243164,36923293164,36923293494,1
88,36923260129,36923310129,36923310261,1
89,36923276678,36923326678,36923326801,1
90,36923293749,36923343749,36923343904,1
91,36923309877,36923359877,36923360068,1
92,36923326518,36923376518,36923377016,1
93,36923343336,36923393336,36923393598,1
94,36923360325,36923410325,36923410451,1
95,36923376674,36923426674,36923426851,1
96,36923393334,36923443334,36923443609,1
97,36923410129,36923460129,36923460479,1
98,36923427108,36923477108,36923477345,1
99,36923443885,36923493885,36923494069,1
100,36923460737,36923510737,36923510916,1
101,36923476624,36923526624,36923526992,1
102,36923493103,36923543103,36923543361,1
103,36923509824,36923559824,36923560056,1
104,36923526421,36923576421,36923576724,1
105,36923543616,36923593616,36923593762,1
106,36923560311,36923610311,36923610651,1
107,36923576979,36923626979,36923627273,1
108,36923593420,36923643420,36923643854,1
109,36923609774,36923659774,36923660303,1
110,36923626443,36923676443,36923676924,1
111,36923644115,36923694115,36923694267,1
112,36923660564,36923710564,36923710726,1
113,36923677182,36923727182,36923727363,1
114,36923693524,36923743524,36923743787,1
115,36923710288,36923760288,36923760669,1
116,36923726855,36923776855,36923777014,1
117,36923743382,36923793382,36923793615,1
118,36923760314,36923810314,36923810615,1
119,36923776449,36923826449,36923826943,1
120,36923793276,36923843276,36923843613,1
121,36923810239,36923860239,36923860606,1
122,36923827201,36923877201,36923877396,1
123,36923843869,36923893869,36923894159,1
124,36923859692,36923909692,36923909877,1
125,36923876376,36923926376,36923926515,1
126,36923893155,36923943155,36923943500,1
127,36923910132,36923960132,36923960363,1
128,36923926795,36923976795,36923976940,1
129,36923943759,36923993759,36923994034,1
130,36923959854,36924009854,36924009979,1
131,36923976619,36924026619,36924026723,1
132,36923993197,36924043197,36924043316,1
133,36924009795,36924059795,36924061030,1
134,36924026486,36924076486,36924076612,1
135,36924043570,36924093570,36924093934,1
136,36924061537,36924111537,36924111734,1
137,36924076358,36924126358,36924126460,1
138,36924093120,36924143120,36924143257,1
139,36924109693,36924159693,36924159850,1
140,36924126713,36924176713,36924176828,1
141,36924143511,36924193511,36924193806,1
142,36924160104,36924210104,36924210258,1
143,36924176439,36924226439,36924226560,1
144,36924193087,36924243087,36924243204,1
145,36924209811,36924259811,36924259940,1
146,36924226813,36924276813,36924276938,1
147,36924243458,36924293458,36924293660,1
148,36924259757,36924309757,36924310183,1
149,36924276456,36924326456,36924326563,1
150,36924293196,36924343196,36924343323,1
151,36924310437,36924360437,36924360545,1
152,36924326816,36924376816,36924376916,1
153,36924343113,36924393113,36924393216,1
154,36924360081,36924410081,36924410185,1
155,36924376557,36924426557,36924426931,1
156,36924393468,36924443468,36924443595,1
157,36924409828,36924459828,36924459953,1
158,36924427187,36924477187,36924477436,1
159,36924443239,36924493239,36924493370,1
160,36924460208,36924510208,36924510340,1
161,36924476571,36924526571,36924526689,1
162,36924493193,36924543193,36924543583,1
163,36924509874,36924559874,36924560009,1
164,36924526373,36924576373,36924576510,1
165,36924543837,36924593837,36924594019,1
166,36924560262,36924610262,36924610477,1
167,36924576764,36924626764,36924626941,1
168,36924593097,36924643097,36924643230,1
169,36924609773,36924659773,36924660268,1
170,36924626733,36924676733,36924676903,1
171,36924643484,36924693484,36924693744,1
172,36924660524,36924710524,36924710726,1
173,36924676588,36924726588,36924726682,1
174,36924693417,36924743417,36924743576,1
175,36924709751,36924759751,36924759857,1
176,36924726481,36924776481,36924776671,1
177,36924743185,36924793185,36924793548,1
178,36924760110,36924810110,36924810213,1
179,36924776470,36924826470,36924826618,1
180,36924793803,36924843803,36924844000,1
181,36924809856,36924859856,36924859960,1
182,36924826468,36924876468,36924876742,1
183,36924843121,36924893121,36924893251,1
184,36924859754,36924909754,36924909874,1
185,36924876996,36924926996,36924927217,1
186,36924893506,36924943506,36924943610,1
187,36924910129,36924960129,36924960333,1
188,36924926435,36924976435,36924976559,1
189,36924943223,36924993223,36924993332,1
190,36924959868,36925009868,36925010022,1
191,36924976812,36925026812,36925027134,1
192,36924993104,36925043104,36925043220,1
193,36925009843,36925059843,36925059943,1
194,36925026796,36925076796,36925076931,1
195,36925043472,36925093472,36925093794,1
196,36925059766,36925109766,36925109881,1
197,36925076447,36925126447,36925126639,1
198,36925093184,36925143184,36925143672,1
199,36925110164,36925160164,36925160360,1
200,36925126894,36925176894,36925177239,1
201,36925143930,36925193930,36925194056,1
202,36925160022,36925210022,36925210192,1
203,36925176876,36925226876,36925227274,1
204,36925193501,36925243501,36925243748,1
205,36925209903,36925259903,36925260081,1
206,36925226474,36925276474,36925276891,1
207,36925243354,36925293354,36925293743,1
208,36925259804,36925309804,36925310022,1
209,36925277149,36925327149,36925327325,1
210,36925294046,36925344046,36925344177,1
211,36925310280,36925360280,36925360409,1
212,36925326867,36925376867,36925376984,1
213,36925343553,36925393553,36925393884,1
214,36925359938,36925409938,36925410232,1
215,36925376665,36925426665,36925426956,1
216,36925393532,36925443532,36925443669,1
217,36925410487,36925460487,36925460683,1
218,36925427213,36925477213,36925477357,1
219,36925443353,36925493353,36925493685,1
220,36925459925,36925509925,36925510272,1
221,36925476739,36925526739,36925527007,1
222,36925493987,36925543987,36925544129,1
223,36925510573,36925560573,36925560797,1
224,36925526684,36925576684,36925576992,1
225,36925543305,36925593305,36925593651,1
226,36925560011,36925610011,36925610260,1
227,36925577246,36925627246,36925627424,1
228,36925593909,36925643909,36925644055,1
229,36925609967,36925659967,36925660240,1
230,36925626766,36925676766,36925677069,1
231,36925643467,36925693467,36925693680,1
232,36925659921,36925709921,36925710213,1
233,36925676751,36925726751,36925727051,1
234,36925693331,36925743331,36925743708,1
235,36925710469,36925760469,36925760629,1
236,36925727307,36925777307,36925777429,1
237,36925744007,36925794007,36925794139,1
238,36925760235,36925810235,36925810587,1
239,36925776939,36925826939,36925827259,1
240,36925793478,36925843478,36925843792,1
241,36925810194,36925860194,36925860350,1
242,36925826871,36925876871,36925877081,1
243,36925843348,36925893348,36925893747,1
244,36925860014,36925910014,36925910256,1
245,36925876707,36925926707,36925926915,1
246,36925894053,36925944053,36925944204,1
247,36925909927,36925959927,36925960209,1
248,36925926579,36925976579,36925976867,1
249,36925943502,36925993502,36925993833,1
250,36925960466,36926010466,36926010609,1
251,36925977122,36926027122,36926027300,1
252,36925993463,36926043463,36926043693,1
253,36926009907,36926059907,36926060187,1
254,36926026681,36926076681,36926076865,1
255,36926043350,36926093350,36926093717,1
256,36926060451,36926110451,36926110676,1
257,36926076572,36926126572,36926127136,1
258,36926093976,36926143976,36926144131,1
259,36926110287,36926160287,36926160620,1
260,36926127394,36926177394,36926177552,1
261,36926143637,36926193637,36926194003,1
262,36926160201,36926210201,36926210429,1
263,36926176849,36926226849,36926227114,1
264,36926193596,36926243596,36926243765,1
265,36926210067,36926260067,36926260408,1
266,36926226721,36926276721,36926277086,1
267,36926243400,36926293400,36926293750,1
268,36926260039,36926310039,36926310440,1
269,36926277343,36926327343,36926327535,1
270,36926294010,36926344010,36926344135,1
271,36926310741,36926360741,36926361005,1
272,36926326669,36926376669,36926376919,1
273,36926343340,36926393340,36926393586,1
274,36926359977,36926409977,36926410267,1
275,36926376593,36926426593,36926426887,1
276,36926393289,36926443289,36926443578,1
277,36926410522,36926460522,36926460665,1
278,36926426589,36926476589,36926476881,1
279,36926443832,36926493832,36926493959,1
280,36926459891,36926509891,36926510159,1
281,36926477136,36926527136,36926527363,1
282,36926493440,36926543440,36926543676,1
283,36926510411,36926560411,36926560668,1
284,36926526714,36926576714,36926576990,1
285,36926543373,36926593373,36926593546,1
286,36926559930,36926609930,36926610205,1
287,36926576686,36926626686,36926626973,1
288,36926593247,36926643247,36926643529,1
289,36926610458,36926660458,36926660731,1
290,36926627228,36926677228,36926677343,1
291,36926643797,36926693797,36926693904,1
292,36926659867,36926709867,36926710199,1
293,36926676734,36926726734,36926727020,1
294,36926693350,36926743350,36926743618,1
295,36926710456,36926760456,36926760740,1
296,36926727274,36926777274,36926777436,1
297,36926743321,36926793321,36926793719,1
298,36926759872,36926809872,36926810161,1
299,36926776753,36926826753,36926827076,1
300,36926794017,36926844017,36926844128,1
301,36926810416,36926860416,36926860571,1
302,36926827380,36926877380,36926877630,1
303,36926843401,36926893401,36926893583,1
304,36926860066,36926910066,36926910222,1
305,36926876628,36926926628,36926926913,1
306,36926893197,36926943197,36926943537,1
307,36926909894,36926959894,36926960181,1
308,36926926575,36926976575,36926976869,1
309,36926943792,36926993792,36926994010,1
310,36926960436,36927010436,36927010540,1
311,36926977169,36927027169,36927027439,1
312,36926993298,36927043298,36927043521,1
313,36927010033,36927060033,36927060319,1
314,36927026806,36927076806,36927077008,1
315,36927043205,36927093205,36927093486,1
316,36927060576,36927110576,36927110701,1
317,36927076712,36927126712,36927127035,1
318,36927093741,36927143741,36927143900,1
319,36927109875,36927159875,36927160106,1
320,36927126705,36927176705,36927176993,1
321,36927143291,36927193291,36927193528,1
322,36927160360,36927210360,36927210488,1
323,36927177247,36927227247,36927227360,1
324,36927193782,36927243782,36927244000,1
325,36927210081,36927260081,36927260324,1
326,36927226748,36927276748,36927277086,1
327,36927243629,36927293629,36927293988,1
328,36927260009,36927310009,36927310306,1
329,36927277343,36927327343,36927327612,1
330,36927294246,36927344246,36927344441,1
331,36927310562,36927360562,36927360891,1
332,36927326626,36927376626,36927376907,1
333,36927343378,36927393378,36927393663,1
334,36927359952,36927409952,36927410236,1
335,36927377161,36927427161,36927427280,1
336,36927393923,36927443923,36927444045,1
337,36927410491,36927460491,36927460717,1
338,36927426832,36927476832,36927477031,1
339,36927443326,36927493326,36927493595,1
340,36927460065,36927510065,36927510165,1
341,36927476737,36927526737,36927526975,1
342,36927493293,36927543293,36927543579,1
343,36927509869,36927559869,36927560112,1
344,36927526677,36927576677,36927576978,1
345,36927543261,36927593261,36927593541,1
346,36927560368,36927610368,36927610470,1
347,36927577233,36927627233,36927627419,1
348,36927593795,36927643795,36927643893,1
349,36927609962,36927659962,36927660237,1
350,36927626729,36927676729,36927676864,1
351,36927643426,36927693426,36927693682,1
352,36927660493,36927710493,36927710621,1
353,36927676561,36927726561,36927726790,1
354,36927693375,36927743375,36927743654,1
355,36927709942,36927759942,36927760212,1
356,36927727044,36927777044,36927777143,1
357,36927743359,36927793359,36927793658,1
358,36927759912,36927809912,36927810201,1
359,36927776719,36927826719,36927827109,1
360,36927793914,36927843914,36927844083,1
361,36927810454,36927860454,36927860631,1
362,36927827365,36927877365,36927877499,1
363,36927843698,36927893698,36927893944,1
364,36927860125,36927910125,36927910521,1
365,36927876918,36927926918,36927927025,1
366,36927893559,36927943559,36927943667,1
367,36927910781,36927960781,36927960963,1
368,36927926652,36927976652,36927976943,1
369,36927943321,36927993321,36927993588,1
370,36927959968,36928009968,36928010384,1
371,36927977201,36928027201,36928027321,1
372,36927993296,36928043296,36928043588,1
373,36928010641,36928060641,36928060898,1
374,36928026702,36928076702,36928076989,1
375,36928043842,36928093842,36928094092,1
376,36928059956,36928109956,36928110384,1
377,36928076660,36928126660,36928126947,1
378,36928093246,36928143246,36928143487,1
379,36928110641,36928160641,36928160924,1
380,36928127205,36928177205,36928177307,1
381,36928143745,36928193745,36928193926,1
382,36928159903,36928209903,36928210193,1
383,36928176691,36928226691,36928226852,1
384,36928193316,36928243316,36928243608,1
385,36928210448,36928260448,36928260668,1
386,36928226533,36928276533,36928276818,1
387,36928243863,36928293863,36928294017,1
388,36928259929,36928309929,36928310209,1
389,36928277073,36928327073,36928327180,1
390,36928293381,36928343381,36928343653,1
391,36928310463,36928360463,36928360591,1
392,36928326768,36928376768,36928376915,1
393,36928343908,36928393908,36928394020,1
394,36928359980,36928409980,36928410259,1
395,36928376601,36928426601,36928426868,1
396,36928393442,36928443442,36928443692,1
397,36928410514,36928460514,36928460665,1
398,36928426575,36928476575,36928477036,1
399,36928443382,36928493382,36928493746,1
400,36928460236,36928510236,36928510460,1
401,36928477301,36928527301,36928527437,1
402,36928494005,36928544005,36928544150,1
403,36928510088,36928560088,36928560434,1
404,36928527012,36928577012,36928577382,1
405,36928543495,36928593495,36928593778,1
406,36928560691,36928610691,36928610833,1
407,36928577641,36928627641,36928627852,1
408,36928593464,36928643464,36928643672,1
409,36928610039,36928660039,36928660237,1
410,36928626856,36928676856,36928677069,1
411,36928643367,36928693367,36928693703,1
412,36928659934,36928709934,36928710215,1
413,36928676748,36928726748,36928727036,1
414,36928693963,36928743963,36928744082,1
415,36928710472,36928760472,36928760831,1
416,36928727299,36928777299,36928777448,1
417,36928743417,36928793417,36928793789,1
418,36928760411,36928810411,36928810540,1
419,36928776888,36928826888,36928827000,1
420,36928794047,36928844047,36928844234,1
421,36928809875,36928859875,36928860815,1
422,36928826554,36928876554,36928876783,1
423,36928843269,36928893269,36928894235,1
424,36928861079,36928911079,36928911222,1
425,36928877039,36928927039,36928927156,1
426,36928894495,36928944495,36928944686,1
427,36928910398,36928960398,36928960663,1
428,36928926740,36928976740,36928976984,1
429,36928943421,36928993421,36928993772,1
430,36928959944,36929009944,36929010168,1
431,36928976675,36929026675,36929027068,1
432,36928994028,36929044028,36929044156,1
433,36929009874,36929059874,36929060164,1
434,36929027325,36929077325,36929077454,1
435,36929043382,36929093382,36929093660,1
436,36929060419,36929110419,36929110583,1
437,36929076732,36929126732,36929126944,1
438,36929093913,36929143913,36929144047,1
439,36929109884,36929159884,36929160178,1
440,36929126595,36929176595,36929176878,1
441,36929143233,36929193233,36929193418,1
442,36929160433,36929210433,36929210525,1
443,36929177132,36929227132,36929227346,1
444,36929193199,36929243199,36929243540,1
445,36929209922,36929259922,36929260210,1
446,36929226550,36929276550,36929276773,1
447,36929243793,36929293793,36929293943,1
448,36929260464,36929310464,36929310587,1
449,36929276534,36929326534,36929327149,1
450,36929293277,36929343277,36929343612,1
451,36929309950,36929359950,36929360427,1
452,36929327407,36929377407,36929377550,1
453,36929343869,36929393869,36929394009,1
454,36929360687,36929410687,36929410800,1
455,36929377013,36929427013,36929427284,1
456,36929393326,36929443326,36929443592,1
457,36929410025,36929460025,36929460502,1
458,36929426569,36929476569,36929476698,1
459,36929443296,36929493296,36929493409,1
460,36929460760,36929510760,36929510946,1
461,36929476953,36929526953,36929527063,1
462,36929493266,36929543266,36929543369,1
463,36929509914,36929559914,36929560049,1
464,36929526702,36929576702,36929576881,1
465,36929543070,36929593070,36929593496,1
466,36929559881,36929609881,36929610176,1
467,36929576561,36929626561,36929626948,1
468,36929593753,36929643753,36929643868,1
469,36929610432,36929660432,36929660611,1
470,36929627206,36929677206,36929677349,1
471,36929643531,36929693531,36929693771,1
472,36929659883,36929709883,36929710194,1
473,36929676627,36929726627,36929726906,1
474,36929693444,36929743444,36929743587,1
475,36929710452,36929760452,36929760674,1
476,36929727164,36929777164,36929777268,1
477,36929743296,36929793296,36929793623,1
478,36929760094,36929810094,36929810375,1
479,36929776694,36929826694,36929827002,1
480,36929793279,36929843279,36929843576,1
481,36929810630,36929860630,36929860788,1
482,36929826683,36929876683,36929876972,1
483,36929843266,36929893266,36929893496,1
484,36929860086,36929910086,36929910377,1
485,36929877228,36929927228,36929927437,1
486,36929893752,36929943752,36929943870,1
487,36929910070,36929960070,36929960426,1
488,36929926892,36929976892,36929977148,1
489,36929943492,36929993492,36929993798,1
490,36929960684,36930010684,36930010814,1
491,36929976774,36930026774,36930027088,1
492,36929993430,36930043430,36930043541,1
493,36930010110,36930060110,36930060711,1
494,36930027344,36930077344,36930077454,1
495,36930043243,36930093243,36930093539,1
496,36930060970,36930110970,36930111165,1
497,36930076794,36930126794,36930126976,1
498,36930093795,36930143795,36930143934,1
499,36930109926,36930159926,36930160214,1
500,36930126671,36930176671,36930177011,1
501,36930143484,36930193484,36930193650,1
502,36930160492,36930210492,36930210612,1
503,36930177270,36930227270,36930227553,1
504,36930193330,36930243330,36930243662,1
505,36930209906,36930259906,36930260188,1
506,36930226618,36930276618,36930276903,1
507,36930243921,36930293921,36930294110,1
508,36930260443,36930310443,36930310550,1
509,36930277158,36930327158,36930327500,1
510,36930293461,36930343461,36930343770,1
511,36930310120,36930360120,36930360388,1
512,36930326557,36930376557,36930376845,1
513,36930344029,36930394029,36930394148,1
514,36930360082,36930410082,36930410228,1
515,36930377099,36930427099,36930427206,1
516,36930393405,36930443405,36930443719,1
517,36930409906,36930459906,36930460188,1
518,36930426738,36930476738,36930476876,1
519,36930443975,36930493975,36930494131,1
520,36930460443,36930510443,36930510558,1
521,36930476553,36930526553,36930526834,1
522,36930493384,36930543384,36930543676,1
523,36930509887,36930559887,36930560182,1
524,36930527089,36930577089,36930577201,1
525,36930543932,36930593932,36930594168,1
526,36930560437,36930610437,36930610535,1
527,36930576744,36930626744,36930626861,1
528,36930593227,36930643227,36930643475,1
529,36930609927,36930659927,36930660196,1
530,36930626545,36930676545,36930676824,1
531,36930643730,36930693730,36930693897,1
532,36930660450,36930710450,36930710572,1
533,36930677078,36930727078,36930727231,1
534,36930693402,36930743402,36930743566,1
535,36930709907,36930759907,36930760186,1
536,36930726586,36930776586,36930776805,1
537,36930743277,36930793277,36930793610,1
538,36930760440,36930810440,36930810541,1
539,36930777060,36930827060,36930827249,1
540,36930793869,36930843869,36930843975,1
541,36930809935,36930859935,36930860231,1
542,36930826798,36930876798,36930876984,1
543,36930843273,36930893273,36930893575,1
544,36930860486,36930910486,36930910609,1
545,36930876648,36930926648,36930926965,1
546,36930893271,36930943271,36930943547,1
547,36930910108,36930960108,36930960369,1
548,36930926648,36930976648,36930976925,1
549,36930943243,36930993243,36930993524,1
550,36930960058,36931010058,36931010213,1
551,36930976630,36931026630,36931026908,1
552,36930993779,36931043779,36931043883,1
553,36931009902,36931059902,36931060191,1
554,36931027166,36931077166,36931077273,1
555,36931043491,36931093491,36931093592,1
556,36931059893,36931109893,36931110179,1
557,36931076700,36931126700,36931126824,1
558,36931093279,36931143279,36931143563,1
559,36931110434,36931160434,36931160541,1
560,36931126526,36931176526,36931176742,1
561,36931143817,36931193817,36931193947,1
562,36931160137,36931210137,36931210245,1
563,36931176995,36931226995,36931227133,1
564,36931193295,36931243295,36931243594,1
565,36931209952,36931259952,36931260250,1
566,36931226749,36931276749,36931277059,1
567,36931243849,36931293849,36931293974,1
568,36931259949,36931309949,36931310229,1
569,36931277313,36931327313,36931327452,1
570,36931293406,36931343406,36931343701,1
571,36931310483,36931360483,36931360607,1
572,36931326830,36931376830,36931376924,1
573,36931343956,36931393956,36931394099,1
574,36931360052,36931410052,36931410381,1
575,36931376613,36931426613,36931426958,1
576,36931393431,36931443431,36931443622,1
577,36931410638,36931460638,36931460766,1
578,36931427216,36931477216,36931477341,1
579,36931443290,36931493290,36931493886,1
580,36931460174,36931510174,36931510517,1
581,36931476780,36931526780,36931526890,1
582,36931494143,36931544143,36931544353,1
583,36931510775,36931560775,36931560872,1
584,36931526584,36931576584,36931576935,1
585,36931543402,36931593402,36931593548,1
586,36931560112,36931610112,36931610377,1
587,36931577191,36931627191,36931627319,1
588,36931593247,36931643247,36931643544,1
589,36931610072,36931660072,36931660186,1
590,36931626896,36931676896,36931677017,1
591,36931643802,36931693802,36931693938,1
592,36931659869,36931709869,36931710179,1
593,36931676698,36931726698,36931726995,1
594,36931693298,36931743298,36931743659,1
595,36931710435,36931760435,36931760553,1
596,36931727256,36931777256,36931777503,1
597,36931743917,36931793917,36931794029,1
598,36931759980,36931809980,36931810281,1
599,36931776564,36931826564,36931826850,1
600,36931793508,36931843508,36931843645,1
601,36931810538,36931860538,36931860657,1
602,36931827105,36931877105,36931877270,1
603,36931843218,36931893218,36931893532,1
604,36931860152,36931910152,36931910353,1
605,36931876592,36931926592,36931926877,1
606,36931893789,36931943789,36931943944,1
607,36931909983,36931959983,36931960260,1
608,36931927132,36931977132,36931977243,1
609,36931943252,36931993252,36931993697,1
610,36931959950,36932009950,36932010536,1
611,36931976774,36932026774,36932027138,1
612,36931993987,36932043987,36932044163,1
613,36932010794,36932060794,36932060981,1
614,36932027397,36932077397,36932078706,1
615,36932043561,36932093561,36932093979,1
616,36932060321,36932110321,36932110449,1
617,36932077584,36932127584,36932127785,1
618,36932093518,36932143518,36932143666,1
619,36932110074,36932160074,36932160288,1
620,36932126748,36932176748,36932176887,1
621,36932143332,36932193332,36932193633,1
622,36932159957,36932209957,36932210254,1
623,36932176544,36932226544,36932226947,1
624,36932193887,36932243887,36932244018,1
625,36932210507,36932260507,36932260700,1
626,36932227204,36932277204,36932277307,1
627,36932243260,36932293260,36932293579,1
628,36932260024,36932310024,36932310316,1
629,36932276723,36932326723,36932327033,1
630,36932293874,36932343874,36932344006,1
631,36932309995,36932359995,36932360279,1
632,36932327327,36932377327,36932377434,1
633,36932343418,36932393418,36932393690,1
634,36932360534,36932410534,36932410635,1
635,36932376730,36932426730,36932427015,1
636,36932393342,36932443342,36932443630,1
637,36932410043,36932460043,36932460269,1
638,36932427271,36932477271,36932477389,1
639,36932443885,36932493885,36932494026,1
640,36932459941,36932509941,36932510221,1
641,36932476778,36932526778,36932526935,1
642,36932493394,36932543394,36932543577,1
643,36932510476,36932560476,36932560672,1
644,36932526609,36932576609,36932577068,1
645,36932543238,36932593238,36932593579,1
646,36932559903,36932609903,36932610149,1
647,36932577342,36932627342,36932627679,1
648,36932593872,36932643872,36932643972,1
649,36932610405,36932660405,36932660606,1
650,36932626743,36932676743,36932677009,1
651,36932643308,36932693308,36932693632,1
652,36932660010,36932710010,36932710373,1
653,36932676664,36932726664,36932726961,1
654,36932693278,36932743278,36932743555,1
655,36932710670,36932760670,36932760910,1
656,36932727218,36932777218,36932777325,1
657,36932743851,36932793851,36932794072,1
658,36932759932,36932809932,36932810206,1
659,36932776743,36932826743,36932827031,1
660,36932793424,36932843424,36932843702,1
661,36932810460,36932860460,36932860718,1
662,36932827291,36932877291,36932877512,1
663,36932843956,36932893956,36932894110,1
664,36932860024,36932910024,36932910286,1
665,36932876574,36932926574,36932926887,1
666,36932893331,36932943331,36932943596,1
667,36932909956,36932959956,36932960232,1
668,36932927142,36932977142,36932977264,1
669,36932943253,36932993253,36932993531,1
670,36932960486,36933010486,36933010586,1
671,36932976662,36933026662,36933026958,1
672,36932993785,36933043785,36933043890,1
673,36933009908,36933059908,36933060297,1
674,36933027212,36933077212,36933077317,1
675,36933043330,36933093330,36933093618,1
676,36933060553,36933110553,36933110649,1
677,36933076742,36933126742,36933126959,1
678,36933093873,36933143873,36933143999,1
679,36933109953,36933159953,36933160234,1
680,36933126654,36933176654,36933177025,1
681,36933143216,36933193216,36933193554,1
682,36933160488,36933210488,36933210594,1
683,36933177282,36933227282,36933227390,1
684,36933193846,36933243846,36933244018,1
685,36933209940,36933259940,36933260222,1
686,36933226625,36933276625,36933276914,1
687,36933243426,36933293426,36933293632,1
688,36933260477,36933310477,36933310603,1
689,36933277169,36933327169,36933327405,1
690,36933293272,36933343272,36933343620,1
691,36933310252,36933360252,36933360375,1
692,36933326701,36933376701,36933376986,1
693,36933343875,36933393875,36933394004,1
694,36933360061,36933410061,36933410308,1
695,36933377242,36933427242,36933427364,1
696,36933393293,36933443293,36933443580,1
697,36933410009,36933460009,36933460243,1
698,36933426815,36933476815,36933477107,1
699,36933443835,36933493835,36933493949,1
700,36933459922,36933509922,36933510152,1
701,36933477364,36933527364,36933527521,1
702,36933493440,36933543440,36933543800,1
703,36933510407,36933560407,36933560531,1
704,36933526721,36933576721,36933576875,1
705,36933544098,36933594098,36933594239,1
706,36933560181,36933610181,36933610401,1
707,36933576566,36933626566,36933626874,1
708,36933593412,36933643412,36933643653,1
709,36933610022,36933660022,36933660383,1
710,36933627130,36933677130,36933677230,1
711,36933643309,36933693309,36933693544,1
712,36933660640,36933710640,36933710748,1
713,36933676715,36933726715,36933726879,1
714,36933693235,36933743235,36933743519,1
715,36933710053,36933760053,36933760191,1
716,36933726544,36933776544,36933776822,1
717,36933743773,36933793773,36933793929,1
718,36933759890,36933809890,36933810209,1
719,36933777113,36933827113,36933827483,1
720,36933793476,36933843476,36933843669,1
721,36933810467,36933860467,36933860585,1
722,36933827782,36933877782,36933877977,1
723,36933843356,36933893356,36933893645,1
724,36933859933,36933909933,36933910292,1
725,36933876602,36933926602,36933926893,1
726,36933893340,36933943340,36933943627,1
727,36933910586,36933960586,36933960765,1
728,36933927149,36933977149,36933977295,1
729,36933943882,36933993882,36933994108,1
730,36933960046,36934010046,36934010238,1
731,36933976793,36934026793,36934027120,1
732,36933993403,36934043403,36934043593,1
733,36934009909,36934059909,36934060192,1
734,36934027375,36934077375,36934077583,1
735,36934043252,36934093252,36934093608,1
736,36934060448,36934110448,36934110627,1
737,36934076578,36934126578,36934127098,1
738,36934093272,36934143272,36934143802,1
739,36934110240,36934160240,36934160558,1
740,36934127356,36934177356,36934177472,1
741,36934144061,36934194061,36934194349,1
742,36934160193,36934210193,36934210438,1
743,36934176855,36934226855,36934227115,1
744,36934193324,36934243324,36934243607,1
745,36934210107,36934260107,36934260228,1
746,36934226726,36934276726,36934277019,1
747,36934243861,36934293861,36934294136,1
748,36934259918,36934309918,36934310230,1
749,36934277272,36934327272,36934327440,1
750,36934293326,36934343326,36934343553,1
751,36934309897,36934359897,36934360135,1
752,36934326738,36934376738,36934377027,1
753,36934343233,36934393233,36934393533,1
754,36934360392,36934410392,36934410553,1
755,36934377282,36934427282,36934427526,1
756,36934393788,36934443788,36934443888,1
757,36934409956,36934459956,36934460258,1
758,36934426589,36934476589,36934476867,1
759,36934443284,36934493284,36934493553,1
760,36934459951,36934509951,36934510254,1
761,36934477120,36934527120,36934527272,1
762,36934493808,36934543808,36934543943,1
763,36934510509,36934560509,36934560619,1
764,36934526673,36934576673,36934576945,1
765,36934543353,36934593353,36934593552,1
766,36934560031,36934610031,36934610310,1
767,36934577198,36934627198,36934627403,1
768,36934593248,36934643248,36934643559,1
769,36934610564,36934660564,36934660691,1
770,36934626888,36934676888,36934677080,1
771,36934643817,36934693817,36934693935,1
772,36934659925,36934709925,36934710205,1
773,36934676746,36934726746,36934726849,1
774,36934693359,36934743359,36934743695,1
775,36934710460,36934760460,36934760608,1
776,36934726509,36934776509,36934776804,1
777,36934743355,36934793355,36934793635,1
778,36934759953,36934809953,36934810235,1
779,36934777059,36934827059,36934827296,1
780,36934793889,36934843889,36934844001,1
781,36934810490,36934860490,36934860621,1
782,36934826568,36934876568,36934876867,1
783,36934843307,36934893307,36934893586,1
784,36934860257,36934910257,36934910392,1
785,36934877122,36934927122,36934927328,1
786,36934893839,36934943839,36934943943,1
787,36934909918,36934959918,36934960201,1
788,36934926649,36934976649,36934976853,1
789,36934943338,36934993338,36934993625,1
790,36934960456,36935010456,36935010578,1
791,36934976552,36935026552,36935026835,1
792,36934993880,36935043880,36935044099,1
793,36935010026,36935060026,36935060152,1
794,36935027090,36935077090,36935077208,1
795,36935043220,36935093220,36935093523,1
796,36935059855,36935109855,36935110143,1
797,36935076657,36935126657,36935126928,1
798,36935093778,36935143778,36935143930,1
799,36935110400,36935160400,36935160710,1
800,36935127182,36935177182,36935177296,1
801,36935143337,36935193337,36935193602,1
802,36935160968,36935210968,36935211076,1
803,36935176542,36935226542,36935226819,1
804,36935193305,36935243305,36935243587,1
805,36935210373,36935260373,36935260513,1
806,36935227074,36935277074,36935277209,1
807,36935243842,36935293842,36935294144,1
808,36935260155,36935310155,36935310520,1
809,36935276769,36935326769,36935326904,1
810,36935293215,36935343215,36935343507,1
811,36935310776,36935360776,36935361028,1
812,36935326594,36935376594,36935376869,1
813,36935343763,36935393763,36935393936,1
814,36935360033,36935410033,36935410559,1
815,36935377123,36935427123,36935427379,1
816,36935393291,36935443291,36935443558,1
817,36935410814,36935460814,36935460943,1
818,36935426680,36935476680,36935476968,1
819,36935443812,36935493812,36935493968,1
820,36935460661,36935510661,36935510784,1
821,36935477223,36935527223,36935527372,1
822,36935493278,36935543278,36935543557,1
823,36935509990,36935559990,36935560769,1
824,36935526790,36935576790,36935576956,1
825,36935543812,36935593812,36935594369,1
826,36935561276,36935611276,36935611555,1
827,36935577213,36935627213,36935627351,1
828,36935593790,36935643790,36935643928,1
829,36935610644,36935660644,36935660969,1
830,36935626835,36935676835,36935676948,1
831,36935643528,36935693528,36935693789,1
832,36935661263,36935711263,36935711455,1
833,36935676565,36935726565,36935726852,1
834,36935693458,36935743458,36935743656,1
835,36935710064,36935760064,36935760893,1
836,36935727109,36935777109,36935777240,1
837,36935743326,36935793326,36935793604,1
838,36935761179,36935811179,36935811316,1
839,36935776743,36935826743,36935827020,1
840,36935793860,36935843860,36935843987,1
841,36935810800,36935860800,36935861050,1
842,36935826671,36935876671,36935876873,1
843,36935843277,36935893277,36935893556,1
844,36935860588,36935910588,36935910955,1
845,36935876566,36935926566,36935926853,1
846,36935893810,36935943810,36935944378,1
847,36935910451,36935960451,36935960696,1
848,36935927108,36935977108,36935977208,1
849,36935943740,36935993740,36935993933,1
850,36935959916,36936009916,36936010177,1
851,36935976706,36936026706,36936027017,1
852,36935993273,36936043273,36936043535,1
853,36936010432,36936060432,36936060571,1
854,36936027275,36936077275,36936077798,1
855,36936043791,36936093791,36936093941,1
856,36936060099,36936110099,36936110381,1
857,36936078055,36936128055,36936128247,1
858,36936093378,36936143378,36936143632,1
859,36936110042,36936160042,36936160214,1
860,36936127737,36936177737,36936177940,1
861,36936143293,36936193293,36936193719,1
862,36936159890,36936209890,36936210343,1
863,36936176780,36936226780,36936227055,1
864,36936193980,36936243980,36936244177,1
865,36936210603,36936260603,36936260746,1
866,36936227334,36936277334,36936277568,1
867,36936243713,36936293713,36936293826,1
868,36936260219,36936310219,36936311280,1
869,36936276601,36936326601,36936326880,1
870,36936293359,36936343359,36936343541,1
871,36936311540,36936361540,36936361736,1
872,36936327137,36936377137,36936377268,1
873,36936343248,36936393248,36936393525,1
874,36936360067,36936410067,36936410218,1
875,36936376551,36936426551,36936426824,1
876,36936393780,36936443780,36936443882,1
877,36936409920,36936459920,36936460205,1
878,36936427080,36936477080,36936477253,1
879,36936443453,36936493453,36936493593,1
880,36936459889,36936509889,36936510181,1
881,36936476711,36936526711,36936527058,1
882,36936493272,36936543272,36936543600,1
883,36936509856,36936559856,36936560132,1
884,36936526686,36936576686,36936576868,1
885,36936543855,36936593855,36936594081,1
886,36936560388,36936610388,36936610498,1
887,36936576561,36936626561,36936626838,1
888,36936593378,36936643378,36936643712,1
889,36936610095,36936660095,36936660569,1
890,36936627092,36936677092,36936677195,1
891,36936643967,36936693967,36936694151,1
892,36936660048,36936710048,36936710215,1
893,36936676577,36936726577,36936726848,1
894,36936693450,36936743450,36936743726,1
895,36936709914,36936759914,36936760204,1
896,36936727101,36936777101,36936777236,1
897,36936743417,36936793417,36936793729,1
898,36936760460,36936810460,36936810572,1
899,36936776844,36936826844,36936826938,1
900,36936793985,36936843985,36936844172,1
901,36936810034,36936860034,36936860240,1
902,36936826577,36936876577,36936876858,1
903,36936843198,36936893198,36936893516,1
904,36936859933,36936909933,36936910231,1
905,36936877111,36936927111,36936927294,1
906,36936893772,36936943772,36936943879,1
907,36936910487,36936960487,36936960708,1
908,36936926543,36936976543,36936976831,1
909,36936943312,36936993312,36936993599,1
910,36936959909,36937009909,36937010191,1
911,36936977086,36937027086,36937027208,1
912,36936993859,36937043859,36937043973,1
913,36937010446,36937060446,36937060652,1
914,36937026785,36937076785,36937076952,1
915,36937043230,36937093230,36937093526,1
916,36937060080,36937110080,36937110219,1
917,36937076661,36937126661,36937126935,1
918,36937093782,36937143782,36937143913,1
919,36937109904,36937159904,36937160183,1
920,36937127190,36937177190,36937177309,1
921,36937143277,36937193277,36937193590,1
922,36937160437,36937210437,36937210570,1
923,36937176645,36937226645,36937226909,1
924,36937193845,36937243845,36937243994,1
925,36937209969,36937259969,36937260365,1
926,36937226578,36937276578,36937276877,1
927,36937243422,36937293422,36937293714,1
928,36937260622,36937310622,36937310755,1
929,36937277134,36937327134,36937327339,1
930,36937293972,36937343972,36937344093,1
931,36937310100,36937360100,36937360393,1
932,36937326761,36937376761,36937377081,1
933,36937343355,36937393355,36937393653,1
934,36937360098,36937410098,36937410398,1
935,36937377338,36937427338,36937427500,1
936,36937393910,36937443910,36937444055,1
937,36937410098,36937460098,36937460361,1
938,36937426675,36937476675,36937476932,1
939,36937443260,36937493260,36937493445,1
940,36937460061,36937510061,36937510378,1
941,36937476619,36937526619,36937526905,1
942,36937493188,36937543188,36937543400,1
943,36937510635,36937560635,36937560894,1
944,36937527160,36937577160,36937577273,1
945,36937543655,36937593655,36937593797,1
946,36937559955,36937609955,36937610236,1
947,36937576667,36937626667,36937627066,1
948,36937593283,36937643283,36937643530,1
949,36937610492,36937660492,36937660609,1
950,36937627322,36937677322,36937677448,1
951,36937643787,36937693787,36937693924,1
952,36937660107,36937710107,36937710482,1
953,36937676879,36937726879,36937727175,1
954,36937693458,36937743458,36937743811,1
955,36937710743,36937760743,36937761007,1
956,36937726825,36937776825,36937777074,1
957,36937744071,36937794071,36937794329,1
958,36937759895,36937809895,36937810150,1
959,36937776773,36937826773,36937827086,1
960,36937793331,36937843331,36937843618,1
961,36937810404,36937860404,36937860646,1
962,36937826766,36937876766,36937876987,1
963,36937843874,36937893874,36937894225,1
964,36937859927,36937909927,36937910239,1
965,36937876666,36937926666,36937926977,1
966,36937893251,36937943251,36937943553,1
967,36937910494,36937960494,36937960661,1
968,36937927234,36937977234,36937977343,1
969,36937943808,36937993808,36937993914,1
970,36937960120,36938010120,36938010235,1
971,36937976673,36938026673,36938026965,1
972,36937993353,36938043353,36938043585,1
973,36938009929,36938059929,36938060203,1
974,36938027220,36938077220,36938077327,1
975,36938043288,36938093288,36938093568,1
976,36938060458,36938110458,36938110575,1
977,36938076794,36938126794,36938126904,1
978,36938093822,36938143822,36938143936,1
979,36938110144,36938160144,36938160264,1
980,36938126581,36938176581,36938176863,1
981,36938143409,36938193409,36938193519,1
982,36938159938,36938209938,36938210229,1
983,36938177118,36938227118,36938227237,1
984,36938193210,36938243210,36938243450,1
985,36938210484,36938260484,36938260640,1
986,36938226832,36938276832,36938277002,1
987,36938243705,36938293705,36938293902,1
988,36938260016,36938310016,36938310402,1
989,36938276659,36938326659,36938327098,1
990,36938293535,36938343535,36938343780,1
991,36938310659,36938360659,36938360780,1
992,36938327356,36938377356,36938377483,1
993,36938343363,36938393363,36938393546,1
994,36938360070,36938410070,36938410361,1
995,36938376798,36938426798,36938426923,1
996,36938393241,36938443241,36938443533,1
997,36938410052,36938460052,36938460392,1
998,36938426618,36938476618,36938476898,1
999,36938443787,36938493787,36938493976,1
1000,36938460648,36938510648,36938510756,1
1001,36938477154,36938527154,36938527452,1
1002,36938493220,36938543220,36938543506,1
1003,36938509996,36938559996,36938560282,1
1004,36938526520,36938576520,36938576833,1
1005,36938543211,36938593211,36938593499,1
1006,36938560541,36938610541,36938610692,1
1007,36938577088,36938627088,36938627346,1
1008,36938593754,36938643754,36938643860,1
1009,36938609892,36938659892,36938660202,1
1010,36938626708,36938676708,36938676992,1
1011,36938643370,36938693370,36938693605,1
1012,36938660458,36938710458,36938710601,1
1013,36938677247,36938727247,36938727549,1
1014,36938693308,36938743308,36938743596,1
1015,36938710122,36938760122,36938760249,1
1016,36938726610,36938776610,36938776851,1
1017,36938743303,36938793303,36938793591,1
1018,36938759852,36938809852,36938810175,1
1019,36938776517,36938826517,36938826925,1
1020,36938793852,36938843852,36938843957,1
1021,36938810432,36938860432,36938860618,1
1022,36938827183,36938877183,36938877289,1
1023,36938843246,36938893246,36938893528,1
1024,36938859970,36938909970,36938910212,1
1025,36938876631,36938926631,36938926932,1
1026,36938893783,36938943783,36938943899,1
1027,36938909918,36938959918,36938960214,1
1028,36938927187,36938977187,36938977294,1
1029,36938943332,36938993332,36938993598,1
1030,36938959911,36939009911,36939010086,1
1031,36938976734,36939026734,36939026901,1
1032,36938993304,36939043304,36939043580,1
1033,36939009860,36939059860,36939060498,1
1034,36939026591,36939076591,36939076841,1
1035,36939043833,36939093833,36939093952,1
1036,36939060753,36939110753,36939110938,1
1037,36939077096,36939127096,36939127356,1
1038,36939093424,36939143424,36939143662,1
1039,36939109964,36939159964,36939160231,1
1040,36939126698,36939176698,36939176984,1
1041,36939143365,36939193365,36939193685,1
1042,36939159930,36939209930,36939210208,1
1043,36939177240,36939227240,36939227408,1
1044,36939193943,36939243943,36939244045,1
1045,36939210464,36939260464,36939260656,1
1046,36939226764,36939276764,36939276974,1
1047,36939243413,36939293413,36939293556,1
1048,36939260050,36939310050,36939310330,1
1049,36939276670,36939326670,36939326992,1
1050,36939293229,36939343229,36939343544,1
1051,36939310584,36939360584,36939360886,1
1052,36939326658,36939376658,36939376979,1
1053,36939343812,36939393812,36939393952,1
1054,36939359915,36939409915,36939410262,1
1055,36939376643,36939426643,36939426954,1
1056,36939393252,36939443252,36939443536,1
1057,36939410518,36939460518,36939460814,1
1058,36939427210,36939477210,36939477329,1
1059,36939443821,36939493821,36939494048,1
1060,36939459878,36939509878,36939510107,1
1061,36939476575,36939526575,36939526858,1
1062,36939493335,36939543335,36939543647,1
1063,36939510361,36939560361,36939560488,1
1064,36939527113,36939577113,36939577239,1
1065,36939543301,36939593301,36939593558,1
1066,36939559916,36939609916,36939610190,1
1067,36939576753,36939626753,36939627075,1
1068,36939593251,36939643251,36939643534,1
1069,36939610443,36939660443,36939660576,1
1070,36939626740,36939676740,36939676905,1
1071,36939643790,36939693790,36939693985,1
1072,36939660106,36939710106,36939710334,1
1073,36939676584,36939726584,36939726882,1
1074,36939693412,36939743412,36939743710,1
1075,36939710013,36939760013,36939760316,1
1076,36939727139,36939777139,36939777302,1
1077,36939743967,36939793967,36939794094,1
1078,36939760573,36939810573,36939810744,1
1079,36939776933,36939826933,36939827094,1
1080,36939793582,36939843582,36939843728,1
1081,36939810370,36939860370,36939860635,1
1082,36939826758,36939876758,36939876949,1
1083,36939843398,36939893398,36939893699,1
1084,36939860074,36939910074,36939910393,1
1085,36939876652,36939926652,36939926926,1
1086,36939893955,36939943955,36939944071,1
1087,36939910651,36939960651,36939960803,1
1088,36939927182,36939977182,36939977290,1
1089,36939943314,36939993314,36939993603,1
1090,36939960086,36940010086,36940010362,1
1091,36939976557,36940026557,36940026850,1
1092,36939993303,36940043303,36940043606,1
1093,36940010615,36940060615,36940060880,1
1094,36940027105,36940077105,36940077254,1
1095,36940043860,36940093860,36940094070,1
1096,36940059912,36940109912,36940110217,1
1097,36940076645,36940126645,36940126832,1
1098,36940093259,36940143259,36940143476,1
1099,36940110471,36940160471,36940160577,1
1100,36940126535,36940176535,36940176821,1
1101,36940143731,36940193731,36940193916,1
1102,36940160053,36940210053,36940210229,1
1103,36940177076,36940227076,36940227246,1
1104,36940193484,36940243484,36940243595,1
1105,36940209929,36940259929,36940260420,1
1106,36940226738,36940276738,36940277044,1
1107,36940243256,36940293256,36940293486,1
1108,36940260677,36940310677,36940310788,1
1109,36940276735,36940326735,36940326875,1
1110,36940293741,36940343741,36940343851,1
1111,36940310092,36940360092,36940360417,1
1112,36940326546,36940376546,36940376968,1
1113,36940343386,36940393386,36940393850,1
1114,36940360676,36940410676,36940410806,1
1115,36940377227,36940427227,36940427365,1
1116,36940394109,36940444109,36940444258,1
1117,36940410085,36940460085,36940460409,1
1118,36940426859,36940476859,36940477003,1
1119,36940443646,36940493646,36940493771,1
1120,36940460045,36940510045,36940510369,1
1121,36940476679,36940526679,36940526986,1
1122,36940493263,36940543263,36940543496,1
1123,36940510627,36940560627,36940560869,1
1124,36940527244,36940577244,36940577380,1
1125,36940543753,36940593753,36940594006,1
1126,36940560078,36940610078,36940610332,1
1127,36940576636,36940626636,36940626948,1
1128,36940593400,36940643400,36940643709,1
1129,36940610024,36940660024,36940660315,1
1130,36940627206,36940677206,36940677317,1
1131,36940643967,36940693967,36940694262,1
1132,36940660574,36940710574,36940710693,1
1133,36940676676,36940726676,36940726960,1
1134,36940693327,36940743327,36940743612,1
1135,36940710036,36940760036,36940760218,1
1136,36940727215,36940777215,36940777455,1
1137,36940743866,36940793866,36940793999,1
1138,36940759917,36940809917,36940810214,1
1139,36940776735,36940826735,36940826842,1
1140,36940793458,36940843458,36940843638,1
1141,36940810470,36940860470,36940860686,1
1142,36940826537,36940876537,36940876777,1
1143,36940843347,36940893347,36940893655,1
1144,36940860142,36940910142,36940910238,1
1145,36940877030,36940927030,36940927288,1
1146,36940893336,36940943336,36940943809,1
1147,36940909918,36940959918,36940960184,1
1148,36940926743,36940976743,36940977010,1
1149,36940944064,36940994064,36940994265,1
1150,36940959878,36941009878,36941010161,1
1151,36940976698,36941026698,36941026973,1
1152,36940993267,36941043267,36941043548,1
1153,36941010417,36941060417,36941060610,1
1154,36941027228,36941077228,36941077368,1
1155,36941043803,36941093803,36941094021,1
1156,36941059862,36941109862,36941110107,1
1157,36941076627,36941126627,36941126933,1
1158,36941093374,36941143374,36941143641,1
1159,36941110363,36941160363,36941160551,1
1160,36941127233,36941177233,36941177492,1
1161,36941143339,36941193339,36941193538,1
1162,36941159895,36941209895,36941210165,1
1163,36941176556,36941226556,36941226826,1
1164,36941193246,36941243246,36941243539,1
1165,36941210419,36941260419,36941260563,1
1166,36941227079,36941277079,36941277210,1
1167,36941243795,36941293795,36941293966,1
1168,36941260109,36941310109,36941310448,1
1169,36941276571,36941326571,36941326852,1
1170,36941293214,36941343214,36941343493,1
1171,36941309970,36941359970,36941360286,1
1172,36941327106,36941377106,36941377239,1
1173,36941343746,36941393746,36941393970,1
1174,36941360544,36941410544,36941410645,1
1175,36941376778,36941426778,36941427047,1
1176,36941393248,36941443248,36941443522,1
1177,36941410000,36941460000,36941460288,1
1178,36941426676,36941476676,36941476961,1
1179,36941443777,36941493777,36941493977,1
1180,36941460615,36941510615,36941510745,1
1181,36941477216,36941527216,36941527338,1
1182,36941493283,36941543283,36941543575,1
1183,36941509992,36941559992,36941560295,1
1184,36941526752,36941576752,36941576982,1
1185,36941543828,36941593828,36941593954,1
1186,36941560554,36941610554,36941610679,1
1187,36941576677,36941626677,36941626962,1
1188,36941593488,36941643488,36941643671,1
1189,36941609962,36941659962,36941660234,1
1190,36941627222,36941677222,36941677351,1
1191,36941643384,36941693384,36941693650,1
1192,36941660490,36941710490,36941710598,1
1193,36941676542,36941726542,36941726830,1
1194,36941693356,36941743356,36941743636,1
1195,36941710164,36941760164,36941760381,1
1196,36941727085,36941777085,36941777193,1
1197,36941743891,36941793891,36941794096,1
1198,36941760027,36941810027,36941810137,1
1199,36941776676,36941826676,36941827268,1
1200,36941793276,36941843276,36941843543,1
1201,36941809865,36941859865,36941860299,1
1202,36941827527,36941877527,36941877649,1
1203,36941843800,36941893800,36941894034,1
1204,36941860557,36941910557,36941910657,1
1205,36941876876,36941926876,36941926988,1
1206,36941893668,36941943668,36941943843,1
1207,36941910049,36941960049,36941960342,1
1208,36941926666,36941976666,36941976950,1
1209,36941943507,36941993507,36941993600,1
1210,36941960597,36942010597,36942010748,1
1211,36941977206,36942027206,36942027462,1
1212,36941993266,36942043266,36942043547,1
1213,36942010106,36942060106,36942060547,1
1214,36942026757,36942076757,36942077052,1
1215,36942043231,36942093231,36942093524,1
1216,36942060064,36942110064,36942110288,1
1217,36942077307,36942127307,36942127569,1
1218,36942093780,36942143780,36942143892,1
1219,36942109950,36942159950,36942160241,1
1220,36942126631,36942176631,36942176940,1
1221,36942143332,36942193332,36942193568,1
1222,36942160576,36942210576,36942210695,1
1223,36942177196,36942227196,36942227366,1
1224,36942193252,36942243252,36942243544,1
1225,36942210078,36942260078,36942260390,1
1226,36942226698,36942276698,36942277006,1
1227,36942243797,36942293797,36942293991,1
1228,36942260648,36942310648,36942310759,1
1229,36942277261,36942327261,36942327505,1
1230,36942293322,36942343322,36942343572,1
1231,36942310003,36942360003,36942360344,1
1232,36942326768,36942376768,36942376869,1
1233,36942343264,36942393264,36942393427,1
1234,36942361352,36942411352,36942411535,1
1235,36942376411,36942426411,36942427199,1
1236,36942393123,36942443123,36942443240,1
1237,36942409931,36942459931,36942460204,1
1238,36942427953,36942477953,36942478177,1
1239,36942443496,36942493496,36942493874,1
1240,36942460459,36942510459,36942510618,1
1241,36942476775,36942526775,36942527128,1
1242,36942493491,36942543491,36942543854,1
1243,36942510158,36942560158,36942560473,1
1244,36942527388,36942577388,36942577502,1
1245,36942544111,36942594111,36942594310,1
1246,36942560731,36942610731,36942610934,1
1247,36942576724,36942626724,36942626999,1
1248,36942593322,36942643322,36942643618,1
1249,36942609853,36942659853,36942660613,1
1250,36942627257,36942677257,36942677388,1
1251,36942643873,36942693873,36942694072,1
1252,36942660870,36942710870,36942711059,1
1253,36942676709,36942726709,36942726873,1
1254,36942693394,36942743394,36942743677,1
1255,36942710094,36942760094,36942760267,1
1256,36942726564,36942776564,36942776905,1
1257,36942743379,36942793379,36942793667,1
1258,36942759940,36942809940,36942810230,1
1259,36942777158,36942827158,36942827389,1
1260,36942793924,36942843924,36942844024,1
1261,36942810485,36942860485,36942860711,1
1262,36942826656,36942876656,36942876936,1
1263,36942843405,36942893405,36942893692,1
1264,36942860057,36942910057,36942910364,1
1265,36942877190,36942927190,36942927410,1
1266,36942893362,36942943362,36942943638,1
1267,36942910031,36942960031,36942960304,1
1268,36942926714,36942976714,36942976990,1
1269,36942943891,36942993891,36942994071,1
1270,36942960650,36943010650,36943010790,1
1271,36942977244,36943027244,36943027383,1
1272,36942993302,36943043302,36943043591,1
1273,36943010089,36943060089,36943060378,1
1274,36943026804,36943076804,36943077078,1
1275,36943043845,36943093845,36943094069,1
1276,36943060634,36943110634,36943110728,1
1277,36943077333,36943127333,36943127490,1
1278,36943093387,36943143387,36943143751,1
1279,36943110078,36943160078,36943160416,1
1280,36943126733,36943176733,36943177058,1
1281,36943144009,36943194009,36943194325,1
1282,36943160674,36943210674,36943210779,1
1283,36943177314,36943227314,36943227548,1
1284,36943193380,36943243380,36943243661,1
1285,36943210083,36943260083,36943268368,1
1286,36943226570,36943276570,36943277154,1
1287,36943243340,36943293340,36943293825,1
1288,36943269135,36943319135,36943319368,1
1289,36943277413,36943327413,36943327607,1
1290,36943294144,36943344144,36943344340,1
1291,36943310104,36943360104,36943360209,1
1292,36943326527,36943376527,36943376662,1
1293,36943343372,36943393372,36943393691,1
1294,36943359844,36943409844,36943410107,1
1295,36943376918,36943426918,36943427034,1
1296,36943393949,36943443949,36943444085,1
1297,36943410363,36943460363,36943460495,1
1298,36943426679,36943476679,36943476964,1
1299,36943443296,36943493296,36943493595,1
1300,36943460090,36943510090,36943510405,1
1301,36943477218,36943527218,36943527360,1
1302,36943493275,36943543275,36943543550,1
1303,36943510700,36943560700,36943560902,1
1304,36943526763,36943576763,36943577043,1
1305,36943543803,36943593803,36943594065,1
1306,36943559897,36943609897,36943610239,1
1307,36943576720,36943626720,36943627065,1
1308,36943593401,36943643401,36943643701,1
1309,36943610494,36943660494,36943660694,1
1310,36943627322,36943677322,36943677455,1
1311,36943643376,36943693376,36943693677,1
1312,36943659956,36943709956,36943710269,1
1313,36943676711,36943726711,36943726900,1
1314,36943693933,36943743933,36943744039,1
1315,36943710526,36943760526,36943760662,1
1316,36943726599,36943776599,36943776892,1
1317,36943743413,36943793413,36943793702,1
1318,36943760046,36943810046,36943810365,1
1319,36943777148,36943827148,36943827261,1
1320,36943793956,36943843956,36943844225,1
1321,36943810619,36943860619,36943860755,1
1322,36943826688,36943876688,36943877021,1
1323,36943843267,36943893267,36943893690,1
1324,36943860243,36943910243,36943910596,1
1325,36943877278,36943927278,36943927446,1
1326,36943893948,36943943948,36943944073,1
1327,36943910912,36943960912,36943961136,1
1328,36943926854,36943976854,36943977232,1
1329,36943943506,36943993506,36943993666,1
1330,36943960119,36944010119,36944010252,1
1331,36943977535,36944027535,36944027731,1
1332,36943993308,36944043308,36944043558,1
1333,36944009933,36944059933,36944060233,1
1334,36944026538,36944076538,36944076815,1
1335,36944043243,36944093243,36944093535,1
1336,36944060490,36944110490,36944110636,1
1337,36944077070,36944127070,36944127231,1
1338,36944093790,36944143790,36944143926,1
1339,36944109912,36944159912,36944160267,1
1340,36944126641,36944176641,36944177035,1
1341,36944143250,36944193250,36944193549,1
1342,36944160523,36944210523,36944210621,1
1343,36944176632,36944226632,36944226986,1
1344,36944193806,36944243806,36944243920,1
1345,36944210106,36944260106,36944260227,1
1346,36944227242,36944277242,36944277359,1
1347,36944243364,36944293364,36944293719,1
1348,36944259925,36944309925,36944310194,1
1349,36944276749,36944326749,36944327123,1
1350,36944293977,36944343977,36944344081,1
1351,36944309847,36944359847,36944360095,1
1352,36944326721,36944376721,36944377031,1
1353,36944343386,36944393386,36944393616,1
1354,36944360350,36944410350,36944410481,1
1355,36944376714,36944426714,36944427019,1
1356,36944393285,36944443285,36944443587,1
1357,36944409874,36944459874,36944460366,1
1358,36944427276,36944477276,36944477437,1
1359,36944443841,36944493841,36944494120,1
1360,36944460624,36944510624,36944510830,1
1361,36944476720,36944526720,36944527075,1
1362,36944493246,36944543246,36944543539,1
1363,36944509893,36944559893,36944560159,1
1364,36944526609,36944576609,36944577132,1
1365,36944543794,36944593794,36944594169,1
1366,36944560415,36944610415,36944610832,1
1367,36944577392,36944627392,36944627536,1
1368,36944593543,36944643543,36944644025,1
1369,36944610236,36944660236,36944660478,1
1370,36944626903,36944676903,36944677150,1
1371,36944644283,36944694283,36944694462,1
1372,36944660103,36944710103,36944710385,1
1373,36944676755,36944726755,36944726995,1
1374,36944693425,36944743425,36944743586,1
1375,36944710029,36944760029,36944760198,1
1376,36944726652,36944776652,36944776902,1
1377,36944743256,36944793256,36944793533,1
1378,36944759876,36944809876,36944810159,1
1379,36944776592,36944826592,36944826914,1
1380,36944793788,36944843788,36944843984,1
1381,36944810414,36944860414,36944860532,1
1382,36944827243,36944877243,36944877436,1
1383,36944843356,36944893356,36944893444,1
1384,36944859990,36944909990,36944910261,1
1385,36944876540,36944926540,36944926835,1
1386,36944893190,36944943190,36944943490,1
1387,36944909957,36944959957,36944960242,1
1388,36944927091,36944977091,36944977204,1
1389,36944943748,36944993748,36944993868,1
1390,36944960495,36945010495,36945010606,1
1391,36944976549,36945026549,36945026830,1
1392,36944993219,36945043219,36945043521,1
1393,36945010142,36945060142,36945060426,1
1394,36945027083,36945077083,36945077208,1
1395,36945043776,36945093776,36945094029,1
1396,36945060097,36945110097,36945110376,1
1397,36945076550,36945126550,36945126892,1
1398,36945093223,36945143223,36945143494,1
1399,36945110053,36945160053,36945160350,1
1400,36945127147,36945177147,36945177276,1
1401,36945143747,36945193747,36945193864,1
1402,36945160043,36945210043,36945210170,1
1403,36945176605,36945226605,36945226883,1
1404,36945193286,36945243286,36945243583,1
1405,36945209873,36945259873,36945260163,1
1406,36945227136,36945277136,36945277243,1
1407,36945243876,36945293876,36945294018,1
1408,36945260418,36945310418,36945310524,1
1409,36945276736,36945326736,36945326850,1
1410,36945293350,36945343350,36945343748,1
1411,36945310060,36945360060,36945360167,1
1412,36945326576,36945376576,36945376748,1
1413,36945344006,36945394006,36945394243,1
1414,36945359874,36945409874,36945410038,1
1415,36945376547,36945426547,36945426707,1
1416,36945393541,36945443541,36945443672,1
1417,36945409759,36945459759,36945459895,1
1418,36945426962,36945476962,36945477092,1
1419,36945443350,36945493350,36945493694,1
1420,36945460148,36945510148,36945510407,1
1421,36945476498,36945526498,36945526633,1
1422,36945493346,36945543346,36945543642,1
1423,36945509697,36945559697,36945560139,1
1424,36945526415,36945576415,36945576573,1
1425,36945543937,36945593937,36945594128,1
1426,36945560395,36945610395,36945610594,1
1427,36945576828,36945626828,36945626951,1
1428,36945593385,36945643385,36945643613,1
1429,36945609887,36945659887,36945660055,1
1430,36945626472,36945676472,36945676779,1
1431,36945643284,36945693284,36945693564,1
1432,36945659883,36945709883,36945710204,1
1433,36945677034,36945727034,36945727257,1
1434,36945693858,36945743858,36945743989,1
1435,36945710461,36945760461,36945760646,1
1436,36945726552,36945776552,36945776703,1
1437,36945743314,36945793314,36945793613,1
1438,36945759745,36945809745,36945809864,1
1439,36945776463,36945826463,36945826622,1
1440,36945793869,36945843869,36945843981,1
1441,36945810119,36945860119,36945860243,1
1442,36945826424,36945876424,36945876540,1
1443,36945843384,36945893384,36945893682,1
1444,36945859749,36945909749,36945909870,1
1445,36945876794,36945926794,36945927010,1
1446,36945893370,36945943370,36945943518,1
1447,36945910125,36945960125,36945960232,1
1448,36945926686,36945976686,36945976792,1
1449,36945943271,36945993271,36945993408,1
1450,36945959803,36946009803,36946009942,1
1451,36945976503,36946026503,36946026691,1
1452,36945993663,36946043663,36946043948,1
1453,36946010199,36946060199,36946060334,1
1454,36946026947,36946076947,36946077091,1
1455,36946043566,36946093566,36946093697,1
1456,36946060000,36946110000,36946110113,1
1457,36946076632,36946126632,36946126739,1
1458,36946093379,36946143379,36946143480,1
1459,36946109717,36946159717,36946160312,1
1460,36946126402,36946176402,36946177038,1
1461,36946143256,36946193256,36946193691,1
1462,36946160573,36946210573,36946210731,1
1463,36946177297,36946227297,36946227439,1
1464,36946193951,36946243951,36946244081,1
1465,36946210203,36946260203,36946260525,1
1466,36946227025,36946277025,36946277181,1
1467,36946243505,36946293505,36946293867,1
1468,36946260146,36946310146,36946310519,1
1469,36946276829,36946326829,36946327205,1
1470,36946293482,36946343482,36946343834,1
1471,36946310140,36946360140,36946360280,1
1472,36946326814,36946376814,36946377180,1
1473,36946344094,36946394094,36946394368,1
1474,36946359941,36946409941,36946410229,1
1475,36946377438,36946427438,36946427761,1
1476,36946393299,36946443299,36946443538,1
1477,36946410488,36946460488,36946460628,1
1478,36946426613,36946476613,36946476811,1
1479,36946443797,36946493797,36946493954,1
1480,36946460150,36946510150,36946510274,1
1481,36946477069,36946527069,36946527192,1
1482,36946493461,36946543461,36946543792,1
1483,36946509994,36946559994,36946560127,1
1484,36946526827,36946576827,36946576959,1
1485,36946544050,36946594050,36946594244,1
1486,36946559857,36946609857,36946610166,1
1487,36946576389,36946626389,36946626529,1
1488,36946593228,36946643228,36946643637,1
1489,36946610422,36946660422,36946660550,1
1490,36946626784,36946676784,36946676953,1
1491,36946643895,36946693895,36946694116,1
1492,36946660258,36946710258,36946710403,1
1493,36946676615,36946726615,36946727038,1
1494,36946693256,36946743256,36946743581,1
1495,36946709929,36946759929,36946760082,1
1496,36946727296,36946777296,36946777497,1
1497,36946743841,36946793841,36946794104,1
1498,36946759906,36946809906,36946810017,1
1499,36946776594,36946826594,36946826688,1
1500,36946793263,36946843263,36946843360,1
1501,36946809861,36946859861,36946860210,1
1502,36946826523,36946876523,36946876797,1
1503,36946843198,36946893198,36946893324,1
1504,36946860468,36946910468,36946910710,1
1505,36946877053,36946927053,36946927353,1
1506,36946893109,36946943109,36946943225,1
1507,36946909853,36946959853,36946959971,1
1508,36946926538,36946976538,36946976674,1
1509,36946943480,36946993480,36946993757,1
1510,36946959791,36947009791,36947010168,1
1511,36946976480,36947026480,36947026730,1
1512,36946993427,36947043427,36947043561,1
1513,36947010423,36947060423,36947060678,1
1514,36947026985,36947076985,36947077232,1
1515,36947043037,36947093037,36947093157,1
1516,36947059824,36947109824,36947110220,1
1517,36947076433,36947126433,36947126671,1
1518,36947093411,36947143411,36947143525,1
1519,36947110477,36947160477,36947160697,1
1520,36947126925,36947176925,36947177149,1
1521,36947143226,36947193226,36947193314,1
1522,36947159781,36947209781,36947209884,1
1523,36947176450,36947226450,36947226590,1
1524,36947193153,36947243153,36947243253,1
1525,36947210137,36947260137,36947260341,1
1526,36947226447,36947276447,36947276573,1
1527,36947243094,36947293094,36947293212,1
1528,36947259756,36947309756,36947309862,1
1529,36947276825,36947326825,36947326998,1
1530,36947293465,36947343465,36947343564,1
1531,36947310114,36947360114,36947360226,1
1532,36947326432,36947376432,36947376554,1
1533,36947343254,36947393254,36947393363,1
1534,36947359820,36947409820,36947409934,1
1535,36947376808,36947426808,36947427028,1
1536,36947393107,36947443107,36947443213,1
1537,36947410187,36947460187,36947460316,1
1538,36947426495,36947476495,36947476736,1
1539,36947443039,36947493039,36947493209,1
1540,36947459972,36947509972,36947510071,1
1541,36947476989,36947526989,36947527173,1
1542,36947493037,36947543037,36947543148,1
1543,36947509713,36947559713,36947559854,1
1544,36947526576,36947576576,36947576708,1
1545,36947543400,36947593400,36947593702,1
1546,36947559696,36947609696,36947609805,1
1547,36947576961,36947626961,36947627226,1
1548,36947593957,36947643957,36947644154,1
1549,36947610060,36947660060,36947660214,1
1550,36947626368,36947676368,36947676494,1
1551,36947643235,36947693235,36947693376,1
1552,36947659907,36947709907,36947710259,1
1553,36947676749,36947726749,36947726907,1
1554,36947693058,36947743058,36947743170,1
1555,36947710518,36947760518,36947760755,1
1556,36947726603,36947776603,36947776748,1
1557,36947743425,36947793425,36947793552,1
1558,36947759737,36947809737,36947809861,1
1559,36947776509,36947826509,36947826911,1
1560,36947793253,36947843253,36947843400,1
1561,36947810115,36947860115,36947860237,1
1562,36947827172,36947877172,36947877358,1
1563,36947843224,36947893224,36947893335,1
1564,36947859911,36947909911,36947910055,1
1565,36947876497,36947926497,36947926621,1
1566,36947893112,36947943112,36947943256,1
1567,36947909854,36947959854,36947959996,1
1568,36947926876,36947976876,36947977004,1
1569,36947943509,36947993509,36947993705,1
1570,36947959815,36948009815,36948009921,1
1571,36947976507,36948026507,36948026622,1
1572,36947993259,36948043259,36948043376,1
1573,36948009712,36948059712,36948060267,1
1574,36948026428,36948076428,36948076860,1
1575,36948043126,36948093126,36948093242,1
1576,36948060522,36948110522,36948110790,1
1577,36948077115,36948127115,36948127337,1
1578,36948093495,36948143495,36948143599,1
1579,36948110044,36948160044,36948160254,1
1580,36948126556,36948176556,36948176739,1
1581,36948143348,36948193348,36948193679,1
1582,36948160511,36948210511,36948210612,1
1583,36948176999,36948226999,36948227300,1
1584,36948193938,36948243938,36948244128,1
1585,36948210015,36948260015,36948260120,1
1586,36948226381,36948276381,36948276493,1
1587,36948243078,36948293078,36948293189,1
1588,36948259885,36948309885,36948310181,1
